Total,R00000,全国,113300,36.9,12.9,11.9,3.4,16.2,12.5,7.2,3.5,11.2,8.6,11.7,8.5,68.8,7.2,2.7,4.5,4.3,6,6.8,5,6.7,7.9,0.6,0.6,0.7,12.7,8.7,11,5.4,10,7.9,12.1,41.3,14.7,6.3,87,21.5,19.4,14.5,39.6,52.1,10.1,13.7,49,10.9,2.9,2.8,30.7,1.6,1.4,4.1,1.8,1.6,6.4,10.6,17.8,25.7,10.9,3.5,2.2,24.9,2.5,38.7,1.2,3.2,8.5,35.8,33.8,6.4,3.5,26,2.9,3.8,1.5,8.4,3.7,11.3,5,4,1.5,0.9,2.6,73.5,59.3,59.1,58,48.9,26,7.2,460,82,100,34,213,42,83,4,15,26,29,135,97,13,47,14,4,17,8,19,79,355,410,6:32,7:07,19:05,23:12,8:24,18:53
Total,R01000,北海道,4756,31,10.2,9.3,3,13.1,10.9,5.1,3.3,10.7,6.9,9,7.4,64.9,8.2,2.2,4.6,4.9,4.8,7.1,4.1,8.1,5.8,0.6,0.4,0.6,11.7,8.6,8,9.6,5.5,8.9,10.7,37.1,14.9,7.2,85.2,24.6,14.6,10.8,31,49.7,8.7,12.6,47.5,9.1,2.8,2.2,31.1,1.2,1.1,2.6,1.2,1.5,6.4,12,17.8,26.5,11.9,3.7,1.9,24.5,2.2,37.8,1.3,2.7,10.6,37,27.8,11,3.8,22.6,3.4,3.5,1.2,6.2,2.9,9.5,3.3,2.9,1,0.6,2.1,69.1,54.3,54.6,53.8,43.1,28.2,4.3,471,80,94,25,206,34,85,4,13,25,24,158,104,10,52,13,3,16,9,17,61,366,391,6:26,7:09,18:44,22:56,8:27,18:37
Total,R02000,青森県,1152,24.8,6.3,6,1.5,10.1,7.9,4.2,2.4,6.7,6.2,6.4,6.7,56,6.6,2,4.3,4.9,4.3,4.5,3,6.5,3.4,0.4,0.5,0.4,9.3,8.9,6,5,5.1,5,10.2,34.3,11.2,3.7,80.7,16.1,12.8,9.2,27,47.3,6.6,9.3,41.3,7.4,2.5,1.4,22.9,1.6,1.1,2.6,1.3,1,5.6,10,14.3,24.4,9.9,1.8,1.1,16.7,2,29.7,1.1,3.6,9.7,30.9,21.6,4.8,3.4,22.4,2.6,2.7,0.9,6.9,2.6,10.6,4.1,3.5,0.6,0.2,1.9,59.4,49.4,40.6,40.1,32.9,15.6,2.4,479,80,99,24,219,37,82,3,10,25,22,151,99,6,47,10,4,14,9,20,58,378,416,6:18,7:05,18:45,22:38,8:09,18:30
Total,R03000,岩手県,1135,29,7.3,6.5,2,11.7,9.1,5,3.3,10.5,6.7,8.6,7.2,60.6,7.5,2.8,5.3,4.4,5.2,4.8,3.3,6.2,4.2,0.6,0.7,1.2,8.8,9.3,7,5.4,6.7,4.9,9.6,34.7,12.7,4.9,84,20.5,11.9,12.7,24.3,43.9,7.4,11.1,42.2,8.4,2.5,2.4,24.4,2.4,1,3,1.4,1.1,6.4,11.5,15.3,27.9,11.9,3,1.7,18.1,2.5,33.9,0.9,2.5,10.4,29.9,23,4.3,3.3,30.2,2.6,4.7,1.5,7.9,4.9,16.6,5.8,6.1,2.4,0.6,2.2,65.7,54,46.1,45.8,37.7,20.1,2.1,474,85,101,25,223,38,83,3,11,24,28,131,98,11,45,11,5,14,7,23,61,380,441,6:17,7:00,18:50,22:43,8:09,18:24
Total,R04000,宮城県,2091,36.7,10.7,9.9,2.9,15,12.1,6.2,4.2,11.4,9.2,10.4,9.2,66.4,7.6,2.2,5.6,4.3,6,7.5,3.5,8.6,6.1,0.4,0.7,0.6,11.1,8.9,10,4.6,7,5.4,10.7,40.1,14.9,6,86.7,26.4,18.3,13.2,38.2,52.5,9.4,14,50,10.6,4,2.7,29.9,1.6,1.3,2.9,1.5,1.2,6.6,11.4,17.8,27.7,11.4,3.1,2.6,23.8,2.1,39.4,1.4,3.4,9.6,34.2,35.7,5.2,3.1,26.7,2.2,4.3,1.7,8.2,3.9,13.4,7.2,4.9,2,0.6,2.1,74.1,58.6,59.7,58.7,47.7,28.4,4.7,466,79,101,30,212,40,85,5,15,27,33,131,97,9,45,13,4,17,8,21,68,360,392,6:25,7:08,18:59,22:56,8:11,18:42
Total,R05000,秋田県,906,27.4,7,6.4,2,11,8.8,4.6,3.5,8.9,6.2,8.2,7.6,60.6,7.5,1.4,4.4,4.2,3.4,4.7,3.2,5.5,5,0.7,0.6,1.1,7.3,7.5,6,6.2,6.7,4.8,9.6,36.1,12,4.8,80.3,21.4,13,11.8,26.1,43.4,7.4,10.7,38.6,8.1,3.1,2,21.6,2.1,1.1,3.1,1.5,1.4,6.1,10,16.1,27.4,11.8,2,1.1,18,1.6,31.5,0.8,2.5,8.6,29,26.7,3.8,2.9,27.2,2.5,4.2,1.1,7.7,3.7,14,5.1,4.4,0.8,0.3,2.6,68.5,57.5,49.2,48.8,41.4,17.1,2.1,482,83,104,22,204,34,86,3,11,23,25,144,106,9,46,13,3,15,8,20,58,361,416,6:20,7:04,18:44,22:33,8:09,18:19
Total,R06000,山形県,992,30.8,6.7,6.1,1.9,12.8,10,5.6,3.7,11,6.2,9.7,7.7,61.6,6.4,3.4,5.2,4.6,5.5,6.3,2.6,6,5.1,0.6,0.5,0.6,10.9,10.8,8.2,7.3,7.8,5.7,10.2,33.5,12.3,5.7,84,19.1,15.9,12.1,36.6,44.8,8.3,12.5,40.7,8.8,2.5,2.3,27.6,1.8,1.1,3.8,2.2,1.3,5.9,10.8,16.8,28.9,10.4,2.7,2,19,2.4,32.1,0.7,3.4,9.4,31.3,29.9,5.3,3.1,32.1,2.9,5.4,1.4,10.4,4.1,17.5,7.1,5.4,1.3,0.5,2.4,72.5,59.2,54.4,53.7,46.5,18,4,476,81,98,25,225,39,80,3,13,24,26,141,97,8,41,13,3,18,7,22,60,368,449,6:24,7:08,18:54,22:44,8:21,18:28
Total,R07000,福島県,1708,28.9,7.6,7,1.4,11.9,9,5.6,3.4,9.4,6.8,8.3,6.9,63.1,5.7,5.3,5.7,3.8,4.6,5.8,3.7,6.6,6.5,0.5,0.6,0.8,10.7,6.5,8.1,5.1,9.2,7.1,9.6,36,12.4,3.8,83.4,17.9,16.4,10.7,29.7,46.4,7.9,12.3,41.6,7.6,2.5,2.6,25.4,1.1,1,3.4,1.1,0.6,5.3,9.9,15.1,29.1,11.5,1.9,1.7,20.7,2.3,33.9,0.9,2.3,9.7,31.3,26.4,5.2,2.5,28.1,2.6,3.7,1.2,8.9,3.7,14,6.1,4.7,1.3,0.3,2.7,70.3,59.5,53.6,53,47.1,18.9,3.3,470,75,100,28,238,38,74,2,12,24,26,143,105,9,39,12,3,15,7,20,65,382,446,6:20,6:57,18:59,22:45,8:06,18:30
Total,R08000,茨城県,2604,34.2,11.1,10.5,2.7,16.1,12.5,7,3.3,11.1,8.2,9.6,7.9,68.5,5.8,2.2,3.7,3.9,5.5,6.3,5.4,6.1,10.1,0.6,0.9,0.6,11.5,8.5,8.7,4.5,10.1,8.7,12.7,43.2,14.5,5,87.5,18.8,16.8,11.5,40.2,51.1,8.8,13.3,47.9,9.3,2.3,1.8,29.2,0.9,1.5,4.2,1.6,1.3,5.4,9.8,15.9,32.3,13.5,2.9,1.9,23.5,2.1,35.7,1.1,2.5,8.6,35.4,35.7,5.5,3,26.2,2.2,3.5,1.4,8.1,3.7,12.3,4.4,4.7,1.3,0.8,2.6,73.4,61.6,54.6,53.8,46.8,20.7,5.4,457,84,99,33,214,44,84,4,12,27,30,140,98,11,44,15,3,16,7,18,79,350,456,6:25,7:01,19:08,23:06,8:25,19:06
Total,R09000,栃木県,1759,32.5,11.3,10.5,2.8,13,10,5.5,3.1,10.8,6.9,9.9,7.9,69.3,6.9,3.2,4,3.6,6.2,6.8,4.5,7.2,8.7,0.7,0.6,0.6,12.7,7.5,9.6,5.7,10.7,8.1,11.9,41.7,13.8,5.9,84.2,17.6,14.5,10.5,37.6,49,8.3,11.3,44.2,10.5,2.5,2.5,27.4,1.3,1.2,3.7,1.5,1.3,5.9,9.5,17.4,30.5,11.9,3.4,2,23.4,2.5,35.2,1,3.1,9.1,34.7,34,4.7,2.9,26.2,2.7,3.9,1.5,8.8,3.5,13.2,4.3,5.2,0.7,0.7,1.8,72.4,61.5,53.5,52.4,46.4,17,5.4,462,82,102,29,212,43,82,3,15,27,32,134,99,10,48,16,4,14,8,19,69,355,464,6:20,6:57,19:06,22:56,8:12,18:45
Total,R10000,群馬県,1754,33.9,10.2,9.2,2.7,14.4,11.9,5.4,3.5,11.1,7.4,9.5,8.4,68.1,7.2,3,4.2,4.3,5.1,7.6,4.3,7.4,9,0.4,0.5,1.3,10.6,8.2,8.9,7,11.5,9.6,11.5,42.4,13.6,5.6,86.3,18.2,16.2,12.8,36.2,49.1,8.6,12.3,45.2,10.1,2.8,2.5,28.9,1.5,1.3,4.5,1.9,1.4,6.7,10.3,16.3,32.1,11.7,3.2,2.2,23.5,2.5,35.1,0.9,3.1,8.1,33.5,33.5,5.1,2.8,28.3,2.4,4.3,1.4,8.6,3.9,14.3,5.6,4.9,0.9,0.7,2.4,75,65.1,54.8,53.4,47.4,16.3,4.9,462,84,102,30,227,45,83,3,14,24,26,134,91,10,42,15,4,16,8,18,69,369,462,6:27,7:01,19:02,22:59,8:21,18:54
Total,R11000,埼玉県,6555,39,14.1,12.8,3.8,18.7,14,9.4,3.6,10.5,8.5,11.4,8.3,72.6,7.3,3,3.5,5,6.7,8,5.3,7.7,9.1,0.9,0.6,0.6,12.2,6.8,12.7,6.4,12.9,8.6,13.9,45.3,15.7,6.4,89.3,20.8,18.9,15.6,44.7,55.6,11.3,15.6,53,11.7,2.9,3.1,32.6,1.2,1.4,5.4,1.6,1.2,6.6,10.9,18.2,27.1,10.4,3.7,2.4,28.2,2.7,41.7,1,3.8,7.5,37.4,39,6.7,3.5,24.2,3.1,3.4,1.4,8.7,3.4,8.4,4.6,3.8,1.1,1.3,2.4,77.9,62.3,65.7,64.5,55.2,29.5,8.1,451,82,104,41,209,45,86,4,16,26,33,135,90,13,45,15,3,15,9,19,96,343,412,6:27,7:02,19:15,23:19,8:17,19:07
Total,R12000,千葉県,5614,41.1,15.6,14.6,3.6,18.6,14.7,8.2,3.4,11.8,10.2,13.4,9.2,71.6,7.7,2.1,3.6,4.7,7.4,7.2,5.6,6.8,10.1,0.7,0.8,0.6,13.4,8.3,11.8,7,11.5,9,14.2,43.9,15.3,7.1,90.6,23,21.4,15.9,45.1,57.9,10.9,14.9,53.3,11.8,2.4,3.1,33.4,1.6,1.6,4.2,1.4,1.4,6.6,11.1,18,28.8,12.1,4,2.4,28.2,2.5,42.4,1.6,3.6,7.7,38.6,38.1,6,3.8,25.2,3.1,3.5,1.2,8.3,3.5,9.6,4.7,4.4,1.2,0.8,2.2,77.4,61.4,64.8,63.7,53.1,30,9.4,452,83,102,43,207,43,87,3,15,28,31,128,93,14,50,15,4,16,7,18,102,348,407,6:25,7:02,19:15,23:15,8:02,19:09
Total,R13000,東京都,12346,46.2,20.2,18.4,5.6,21.3,16.3,9.9,3.4,13,12.4,17.2,9.5,75.7,6.8,1.7,3.5,4,6.7,8.3,6.8,6.5,9.4,0.5,0.6,0.4,13,6.9,15.8,8.3,15,11.8,15.1,47.5,16.5,7,90.1,23.8,30.2,22.2,49.7,61.7,14.6,18,59,14.3,3.2,3.9,35.2,1.6,1.9,3.8,1.7,1.7,7.2,10.9,19.9,20.7,9.3,4.7,2.9,30.5,3.4,49.6,1.7,3.7,4.9,40.6,40.5,6.6,4.3,21.6,2.8,3.5,2,7.6,3.9,5.4,3.8,2.4,2,1.2,2.8,78.5,61.5,69.2,67.7,56.8,36.6,13.8,455,84,104,42,219,41,76,4,17,25,31,115,95,16,52,15,4,21,7,17,94,339,360,6:47,7:17,19:18,23:32,8:41,19:13
Total,R14000,神奈川県,8216,43.9,19,17.3,5.6,19.9,14.8,9.7,3.4,12.6,9.9,14.7,10.1,72.4,8.3,1.4,3.8,5.2,8,8.1,6.4,7.7,8.1,0.7,0.5,0.3,12.8,6.9,14.4,5.9,14,9.1,13.3,44.9,17.2,6.5,90.1,25.3,23.2,16.8,47.4,58.4,13.8,16.7,56.4,13.8,3.4,4.4,35.3,1.9,2,4.3,1.8,1.3,7.8,11.4,21.1,25,11.2,4.6,2.7,30.8,3.5,43.9,1.4,3.4,6.8,40,39.5,7.8,4.5,25.5,2.9,3.3,1.7,9.8,3.9,8.8,4.5,3.5,1.5,1,2.4,78,62.1,66.5,65,54.3,32.4,10.6,453,84,99,46,213,40,81,3,20,26,33,123,92,15,48,14,4,19,9,16,105,355,371,6:32,7:09,19:18,23:24,8:15,19:16
Total,R15000,新潟県,2044,29,7,6.6,1.3,11.8,9.2,5.1,2.7,8.7,6.3,8.4,7.4,62.6,6.4,1.6,3.9,4.4,4.4,4.6,3.3,7.1,5.5,0.3,0.4,0.5,11.3,8.6,9.2,7.6,9.4,5.6,11,35.3,14.1,5.3,83.3,16.8,18,9.9,33.9,46,7.7,11.7,42.5,8.5,2.4,1.7,26,1.7,0.9,3.6,1.8,1.7,5.8,9.7,15.7,26.4,10.3,2.4,1.8,19.2,1.4,33.1,0.9,2.5,8.1,30.7,28.3,4.8,2.9,24.5,2.4,3,1.2,7,2.9,12.2,5.5,3.4,0.9,0.4,2,72.7,58.6,57.3,56.5,50.6,18,3.2,468,81,99,28,233,36,82,3,10,24,24,144,100,7,43,11,3,17,7,20,65,371,463,6:23,6:57,18:57,22:49,8:11,18:38
Total,R16000,富山県,949,34.3,9.3,8.2,2.6,14.3,10.5,6.6,3.3,11.2,7.3,10.9,8.3,67.9,7.7,3.2,3.6,3.6,4.5,7,4.3,6.8,7.4,0.6,0.9,0.8,14.4,9.2,8.8,9.6,10.8,7.2,12.9,40.9,13.4,6.7,87,20,24.2,14.3,40.3,49.5,9.9,13.5,45,10.5,2.9,2.6,27.2,1.9,1.1,3.8,2.5,2.9,5.5,10.4,16.3,28.2,11.9,2.9,2.1,23.3,1.9,37,1.6,2.9,9.1,34.1,33.1,4.5,3.3,32.4,2.4,5.5,1.2,8.7,5.1,16.7,7.9,6.2,1.1,0.8,2.6,76.1,63,60.9,60.1,54.5,18.7,5,464,78,98,29,226,42,83,3,13,25,27,136,98,11,45,16,5,17,7,19,62,367,462,6:19,7:00,18:57,22:53,8:17,18:28
Total,R17000,石川県,1016,34.1,11.1,10.5,2.7,14.6,11.4,6.5,3.7,9.6,8.4,11,8.4,69.1,7.2,3.7,4.5,4.5,6,7.6,4.6,7.4,6.8,0.9,0.7,1.4,15,9.9,10.7,6.9,7.3,7.3,12,40.6,16.6,5.9,88,20,23.2,14.4,39.4,50.3,10.2,12.1,45.7,9.3,3.2,1.4,28.4,2,1.2,3.9,2.6,3.1,5.9,10,17.5,26.9,11.3,2.9,1.7,22.2,2.7,35.4,1,3.7,11.2,35.2,32.8,5.3,3.8,31.6,3.1,4,1.7,11,4.4,15.8,7.3,5.6,1.2,0.5,2.8,73.9,57.3,60.8,58.8,50.9,23.9,6.2,462,75,97,27,226,44,84,4,16,25,29,132,97,12,49,15,5,16,8,16,62,366,422,6:22,7:07,19:10,23:02,8:27,18:29
Total,R18000,福井県,693,34.3,9.5,8.9,2.2,14.8,11.4,6.8,3.5,10.9,7.3,9.8,8.6,65,6.2,3.8,6.3,3.7,4,7.4,3.7,7.3,6.5,0.5,0.7,1.3,11.3,8.7,9.3,6.2,9.2,6.6,12.6,34.2,13.9,6.9,85.4,15.9,17.7,10.6,37.2,47,9.5,12.7,42.9,8.9,2.7,1.7,27.5,2,0.8,4.3,2.8,2.1,5.5,9.7,18.1,26,11.9,2.3,1.6,19.8,2,33.1,1.2,3.3,11.9,33,30.3,5,2.8,32.2,3.3,4.8,1.6,10.2,4,17.9,7.1,5.4,1.4,0.6,2.4,73.6,61.8,55.6,54.8,49,16,4.8,467,83,98,26,232,42,85,5,14,22,25,122,98,12,45,15,6,16,8,20,59,368,429,6:23,6:59,18:57,22:56,8:30,18:52
Total,R19000,山梨県,744,35.2,10.8,9.8,2.8,14.6,11.7,5.9,3.7,10.2,8.2,10.8,8.5,68.2,6.3,3.7,4.2,3.6,5.8,5.3,3.9,7.2,9.2,0.6,0.7,1.8,10.4,7.5,9,5.5,9.9,6,10.6,39,13.5,7.1,84.9,20.2,17.3,11.8,34.9,49.2,9.8,11.7,43.3,8.3,2.7,2.3,30.9,2,1.2,5.3,1.8,1.5,6.1,9.6,16.5,28.4,11.1,3.5,2.2,21.4,3,34.3,1.2,2.5,8.8,32,29.9,5.4,3,29.7,3.6,4.8,2,8.6,5.1,13.8,7.2,6.3,2.3,1.1,2.4,74.2,62.4,55.3,54.4,47.8,17.3,6.7,464,75,105,27,222,40,90,5,13,23,27,132,97,9,47,15,3,18,9,20,62,354,424,6:28,7:06,18:59,23:03,8:19,18:21
Total,R20000,長野県,1861,35.1,9.3,8.6,2.1,15.3,11.8,6.5,4.5,10.2,7.9,11.7,8.2,68.1,6.5,4.5,6.1,3.7,4.7,4.9,4.2,6.4,8.3,0.2,0.6,1.7,11.9,6.8,10.1,9.8,10.7,5.5,9.9,38.9,13.1,7.3,85.6,18.9,19,12.9,32.5,49.4,12.6,13.6,44.1,10.4,3,3.4,28.4,1.9,1.4,4.1,2.5,1.3,5.6,10.6,18.6,30.2,12.8,3.5,2.3,21.9,2.5,36.4,1.1,2.9,8.9,32.8,27.3,6.1,3.3,32.3,2.6,6,1.9,9.4,5.4,17.2,7.4,6.6,1.7,0.8,3.1,73.5,60.7,56.7,55.9,47.8,20.8,4.6,467,81,103,26,233,38,86,5,12,21,28,131,94,11,42,15,4,15,7,22,62,368,426,6:25,7:01,18:59,22:58,8:26,18:31
Total,R21000,岐阜県,1807,33.7,11.6,10.7,3,14.3,11.4,5.8,3.6,9.9,8.2,11.1,8.4,67.4,8,3.1,5.4,3.7,4.5,5.8,4.7,5.9,8.1,0.3,0.7,0.9,12.7,8.8,9.4,5.6,10.5,6.8,9.6,38.3,13.8,5.7,85.4,17,14.2,12.1,38.9,47.6,8.2,11.3,43.4,10.2,2.7,2.1,26.6,1.6,1.3,4.2,2.1,1.9,5.9,10.2,17.8,27.3,10.5,3,2.3,21.6,1.8,32.4,1.2,2.3,10.3,34.3,30.7,5.9,3.7,33.4,3,4.5,1.5,10.2,4.7,18.2,7,6.3,1.5,1.1,2.9,75,62.3,56.8,55.5,48.2,19.2,6.9,461,76,96,30,215,47,86,5,14,25,28,139,100,10,43,14,4,18,9,19,69,359,425,6:19,6:57,18:54,22:57,8:17,18:43
Total,R22000,静岡県,3294,33.3,10.4,9.6,2.5,13.5,10,6.1,3.2,9.5,6.9,10.3,7.8,68.2,6.1,2.3,4,4,6.8,5.8,5,5.2,6.7,0.7,0.5,0.7,11.6,8.4,10.2,4,8.4,7,10.8,41.5,14,6.7,86.6,17.5,16.8,11.4,35,48.8,8.5,13.1,44.2,10,2.8,2.4,27.2,1.7,1.5,3.8,1.9,1.7,6.2,10.1,15.8,27.1,10.7,3.3,2,21.5,2.2,36.5,1.1,2.4,9.3,34.6,33.5,5.5,3.4,29.4,2.6,3.8,1.2,9.1,3.1,12.4,8.9,4.5,1.6,0.7,2.1,73.5,60.3,54.8,53.6,46.8,18.6,5.6,458,82,98,29,211,41,83,3,17,24,29,141,96,15,49,14,7,15,8,18,68,356,441,6:18,6:55,18:48,23:01,8:21,18:39
Total,R23000,愛知県,6687,36.3,14.1,12.9,3.2,15.1,11.5,6.7,2.8,10.5,8.4,10.3,8,71.2,8.1,3.5,4.6,4.9,6.7,8,5.3,7.1,9,0.6,0.6,0.8,16.4,9,13.3,5.7,8.8,8,13.2,41.4,15.8,6.9,88.8,22.9,18.9,15.2,42,54.3,9.5,13,49.9,12,3.5,2.5,31.6,1.7,1.2,4.4,1.7,1.8,6.3,9.8,17.4,25.1,10.5,3.4,2.6,26.5,2,38.7,0.9,3.4,9.9,39.4,39.2,8.8,3.4,24.6,2.6,2.8,1.1,8,3.2,11.3,5.4,4.1,1.3,1.2,2.1,78.5,66.4,64.5,63.4,55,26.8,8,455,77,98,35,215,46,80,3,19,27,31,132,99,12,51,14,3,18,7,17,79,357,408,6:30,7:03,19:09,23:15,8:21,18:52
Total,R24000,三重県,1614,34.9,11.8,11,2.2,14.9,11.7,5.8,3.1,10.1,7,10.4,6.9,66.9,7.1,3.7,5.5,4.1,5.4,6.9,5.6,6.3,8.4,0.7,0.4,0.7,13.7,9,9.1,4.2,7.7,5.4,10.6,38.1,14.5,5.8,86.6,18.3,14.9,12.2,37.5,49.4,7.9,12.8,46.5,9.9,3.2,2.3,28.2,1.2,1,4.8,2.1,2.1,6,11,17.8,27.4,12.1,2.7,1.8,23.3,2.5,33.8,1.2,2.7,10.5,36.6,33.6,5.8,3.5,29,1.9,4.1,1.8,8.3,4.2,16.2,6.6,4.6,1,0.8,2.6,75.2,63.1,59.7,58.3,51.3,21.7,6.3,460,82,96,31,214,37,91,3,14,25,31,140,98,13,47,16,4,14,6,19,71,348,407,6:33,7:04,18:53,23:08,8:19,18:31
Total,R25000,滋賀県,1253,39.9,13.7,12.5,3,17.7,14.1,7.9,3.5,12.7,10.3,12.5,10.4,71.6,9.1,2.8,5.4,4.7,6.7,7,5.2,8.6,7.7,0.9,0.7,1.5,15.9,10.2,12.8,6.3,9.6,8.8,13,42.3,15.5,8.1,88.5,20.4,18.1,15.1,40.2,52.2,9.8,13.7,50.2,12.7,2.5,2.7,32.2,0.9,1.2,4.5,2.3,1.4,6.7,11.2,20.5,28.7,13.2,3.4,1.8,25,2.1,37,0.8,3.9,9.1,37.5,36.1,6,3.4,33.9,3.7,4.7,1.9,10.8,4.7,18.6,8.6,6.8,1.2,1.2,3.8,77.6,65.1,63.1,62.3,54.2,26.4,7.4,463,81,100,33,215,42,83,3,16,25,28,122,102,13,48,17,6,14,8,19,74,358,350,6:33,7:07,19:08,23:13,8:09,18:50
Total,R26000,京都府,2338,41.1,15.7,14.2,5.3,18,14,7.8,3.8,12.1,11.6,15.8,8.5,70.1,7.1,3.4,4.6,4,5.5,6.1,5.3,6.5,6.4,0.7,0.4,1,13.8,8.4,11.5,4.2,11,9.1,11.6,41.4,13.7,6.6,88.3,19.7,23.9,17,41.2,52.4,10.6,15.2,51.1,12.4,3.4,3.8,28.7,1.4,1.4,4.7,2.8,2.5,6.7,12.4,17.1,25.2,9.9,3.9,2.9,25.2,3.1,40.6,1.3,3.3,7.6,34.8,38.8,5.8,3.6,24.6,3,4.3,1.8,7.8,3.9,9.9,4.7,3.7,1.1,0.9,3,73.1,58.8,59.7,58.2,49.8,25.7,8,460,85,102,33,203,46,82,3,17,26,29,128,93,15,51,17,5,21,7,17,80,342,390,6:52,7:17,19:06,23:34,8:50,18:51
Total,R27000,大阪府,7923,37.7,13.3,12.4,4.1,16.9,13.6,7.3,3.8,12.6,8.4,11.3,9.5,66.9,6.6,1.9,3.8,4.5,6,6.7,4.8,5.7,7.6,0.5,0.7,0.4,13.2,8.8,10.4,4.1,11.8,7.9,11.9,39.5,14,5.4,86.6,20.8,18.7,16.7,43,52.8,9.6,13.6,50.1,10,2.8,2.9,32.7,1.6,1.7,3.8,1.6,1.8,6.3,10.1,16.8,18.7,9.3,3.6,2.3,24.5,2.3,40.1,1.4,3.5,8.3,37.3,34.7,7.4,3.6,20.6,2.5,2.9,1.1,6.4,2.6,7.8,3.4,2.3,1,1.1,3.1,71.4,56.2,59.1,57.9,48,26.9,8.1,456,82,101,36,199,44,81,4,15,27,28,144,91,16,49,14,5,19,8,21,85,352,390,6:46,7:16,19:10,23:32,8:35,19:05
Total,R28000,兵庫県,4935,38.9,13.7,12.7,3.5,17.2,13.4,7.1,3.6,11.8,9.2,12.8,9,69.5,6.9,2.6,4.6,4.1,6.1,6.8,5,6.1,9.7,0.6,0.6,0.8,12.3,10.4,11.7,5.4,12.2,7.8,11,42,14.8,7,87.2,22.5,18.7,16,38.9,50.2,11.1,15,47.8,12,2.9,3.8,30.5,1.2,1.8,4.9,2,1.6,7.1,11.8,18.5,23.7,10.5,4.2,2.1,26.4,2.4,38,1,3,8.5,35.2,34.5,8.2,4.2,26,3.1,4.6,1.7,8.6,3.6,11.3,4.8,4.2,1.5,1.2,3.2,73.9,60,59.4,57.9,49.1,26.8,8.4,455,82,102,34,208,41,86,5,16,28,29,134,99,14,46,15,5,17,8,18,81,357,399,6:36,7:06,19:07,23:19,8:32,19:11
Total,R29000,奈良県,1217,38.7,13.3,12.4,3.7,18.4,15.2,6.7,3.7,11.8,9.5,12.9,10,69.5,7.5,2.5,3.9,4,5.7,5.4,5.6,7,8.6,0.5,0.9,0.8,11.8,8.4,12.8,3.6,13.2,6.8,10.8,41.6,14.2,5.9,86.9,19.6,21.4,15.8,40.7,52.7,10.4,14.4,47.8,10,2.8,3.1,30.9,1.1,1.3,4.6,2.7,2.4,6.9,11.8,19.4,29.6,11.1,4.7,2.9,27.1,2.8,40.4,1.5,3.5,6.7,34.1,35.9,6.6,3.5,26.8,3,4.1,1.6,7.7,3.8,12.8,4.5,3.6,1,1.2,3.4,75.6,62.6,62,60.8,52.1,27,8.1,455,83,102,37,194,40,94,4,16,28,30,132,101,15,46,14,4,16,8,21,93,353,380,6:33,7:10,19:07,23:21,8:24,19:07
Total,R30000,和歌山県,852,33,9.1,8.3,2,13.4,9.8,6.1,4.6,9,6.2,9.8,7.8,63.6,5.6,2.9,4.2,2.6,3.9,4.8,4.6,4.6,6.5,0.9,0.7,0.5,9.5,11.3,8.3,2,4.9,4.8,9,38,11.9,5.3,83.4,16.9,13,10.7,36.9,46.9,7.2,11.8,41.6,8.9,1.8,2.5,28.7,1.6,1,4.3,1.7,1,5.9,9.2,15.4,26.2,11.6,3.2,1.8,20,2.1,29.5,0.5,2.9,9.2,32,30.5,5,3,24.2,3,4,1.4,6.6,3.4,11.1,4.3,3.1,0.7,0.3,3.8,67.4,55.3,49.6,48.8,42.5,16.2,4.5,466,80,99,25,209,36,85,6,12,25,25,144,104,11,48,13,4,17,9,24,63,351,375,6:35,7:03,18:50,23:04,8:41,18:35
Total,R31000,鳥取県,501,31.3,8.3,7.4,2.2,12.7,9.9,5.3,4,9.7,7.1,9.6,7.4,65.2,7.7,2.9,6.3,4.7,5,6.4,3.5,7.2,5.6,0.5,0.7,1.5,10.7,10,8.1,4.2,7.5,6.1,10.2,36.9,12.8,6.6,83.1,16.1,16.8,11.4,26.2,43.1,8.5,10.4,41.5,9.3,2.6,2.2,24.5,1.4,0.7,2.9,2.4,2.4,6.4,10.2,15.9,25.3,10.4,2.7,2.1,18.9,1.9,33.9,1.5,3.5,10.1,30.3,25.7,4.1,2.5,32.2,3,5.3,1.5,8.9,4.3,18.4,7,6.4,0.9,0.7,3.5,68.7,56.2,49.4,48.8,39.7,20.6,3.1,465,82,95,26,226,37,83,4,15,22,23,154,96,10,40,12,4,14,6,27,59,367,440,6:25,7:03,19:00,22:55,8:22,18:30
Total,R32000,島根県,607,31.3,7.7,7.4,1.9,12.6,9.7,5.4,4.2,9.7,7.1,10.2,8.3,63.5,7.5,2.7,6.7,4.7,5,6.2,4.5,6.2,4.9,0.5,0.7,1.6,11,11.8,7.1,3.3,6,4.8,10.1,35.2,12.4,6.7,84,20.3,17,11,26.6,43.3,7.6,9.9,40.3,9.6,2.4,2.6,23.9,1.5,1,3.8,2.3,2,5.5,10,16.2,28.2,11.1,2.2,2.2,18.7,2.2,33.3,1.4,2.6,8.1,28.8,24.5,3.7,2.4,33.1,3.1,5.5,1.5,9.8,5,16.8,6.4,5.5,0.9,0.6,3.2,67.6,52.1,49.6,49,39.7,20.5,3.1,473,89,99,24,214,38,87,5,12,24,25,133,106,10,41,13,5,17,7,19,58,345,451,6:28,7:03,19:01,22:52,8:28,18:16
Total,R33000,岡山県,1694,37,10.3,9.3,2.5,15.4,11.8,6.3,4.4,11.6,8.2,10.5,10,66.8,7.7,3.9,4.9,3.6,6.5,6.1,4.8,7.2,7.9,0.4,0.6,0.5,12.7,10.1,8.6,4.2,7,7.1,10.2,38.5,14.3,6.5,87,18.8,17.2,12.4,36.9,48.9,7.9,11.8,44.7,10.3,2.4,2.4,28.1,1.6,1,5.5,2.3,2,6,11.3,18.2,29.6,10.4,3.3,2,23.3,2.9,37.8,2,3.6,8.1,33.5,28,4.9,3,30.8,3.8,4.9,1.6,9.3,4.3,16.2,4.9,5.6,1.4,0.9,2.6,73.3,59.7,54.5,53.7,44.2,23.7,5,460,86,98,29,212,46,86,3,12,26,28,130,103,12,44,12,5,16,7,24,71,361,437,6:27,7:03,18:57,23:01,8:17,18:34
Total,R34000,広島県,2507,34.3,10,9.3,2.5,14.2,10.8,6.4,3.3,11.7,7,10.6,7.6,66.5,8.2,3.4,5.1,3.7,5.6,6.2,4.8,6.8,7.7,0.5,0.7,0.8,12.5,11.7,9.3,3.4,6.8,7,9.6,38.5,13.6,6.3,87.1,32.9,20.3,12.4,33.9,48.7,8.7,12.4,47.5,10.6,2.8,2.2,28.4,1.8,1,3.7,1.7,1.9,5.4,11,18.4,25.1,10.6,2.6,2.4,24,2.1,35.9,1.3,3.1,8.8,35.3,30.7,5.4,3.1,25.6,2.9,3.8,1.3,8.5,3.4,13,3.7,3.6,1.1,0.6,2.4,70.1,57.9,54.2,53.5,44,28.2,4.2,462,81,101,30,202,49,87,3,17,27,28,144,96,12,43,14,5,13,7,20,71,348,470,6:35,7:05,19:08,23:15,8:32,18:57
Total,R35000,山口県,1231,31.5,9.6,8.6,2.7,12.9,10.6,5.3,3.8,11.1,7.3,10.7,7.1,65.8,6.5,3.3,5.8,3.7,5.3,5.9,4.5,6.1,7.4,0.6,0.5,0.3,11.6,11.6,8.6,2.7,6.6,6.5,12,40.7,13,5.2,84.3,19.7,17.7,10.4,34.1,45.6,8.2,11.2,43.2,9.5,2.4,2.1,27.6,1.4,1.4,4,2.7,1.6,6.3,11,16,29.2,10.9,2.4,1.6,22.3,2,34.5,1.4,2.6,10.2,33.1,31.5,4.2,2.4,27.8,3,4.4,1.2,8.7,3.7,14.7,3.5,4.1,1.5,0.6,2.9,68.7,58,51.5,50.6,42.9,21.8,4.6,460,84,98,25,195,42,90,5,13,28,26,157,100,11,45,14,4,16,8,18,62,342,459,6:29,7:00,18:51,23:06,8:26,18:23
Total,R36000,徳島県,664,31.8,9.4,8.8,1.8,13.6,11.1,5,2.7,9.9,7.3,10,7.6,65.4,6.7,2.9,5,3.8,4.8,5.5,4.3,6.4,6.2,0.4,0.6,0.2,11.4,9.8,7.8,2.6,5.8,6.8,10,42.3,13.2,4.5,82.1,18.7,14.1,10.6,31,44.9,7.7,10,41.3,9.5,1.8,2.1,26.6,2.8,0.8,4.5,1.8,1.5,5.4,8.9,17.8,28.3,11.6,3.6,1.8,20.8,3.1,33.5,1.1,3.3,9.1,32.1,26.8,5.1,2.6,26.2,2.8,3.9,1.5,7.3,3.7,13.4,4.9,4.1,1.3,0.5,2.9,66.8,52.7,48.9,48.1,41.4,18.1,4.3,463,85,101,25,210,40,84,5,15,25,28,148,99,10,44,14,4,16,8,16,64,358,429,6:33,7:10,18:55,23:02,8:19,18:25
Total,R37000,香川県,861,34.1,9.8,9,2.7,13.2,9.8,6.4,3.7,10.5,7.5,10.2,8.1,66,6.2,3.3,4.9,3.2,4.9,5.8,3.7,6.8,6.5,0.4,0.6,0.4,10.4,9.6,9.5,2.7,6.9,6.5,8.9,40.7,14.1,5.8,85.2,17.1,16.6,11.4,33.6,48,7.8,11.7,42.7,9.5,1.9,2.3,25.5,1.7,1.3,4.1,2.1,1.9,5.4,9.5,15.9,29.3,11.3,2.4,1.3,21.2,2,33.9,1.5,3.3,9.4,32.8,28.1,4.8,2.9,28.2,2.9,4,1.4,9,3.7,14.4,5.4,4.3,1.1,0.5,2.9,67.5,54.9,50.4,49.5,40.7,20.1,3.8,461,83,97,26,217,45,85,5,12,24,27,149,94,10,42,15,7,15,7,20,61,365,464,6:23,7:00,18:57,23:03,8:25,18:35
Total,R38000,愛媛県,1220,32.6,9.6,8.8,2,14.2,11.5,5.4,4.5,11.1,7.5,10.1,7.4,66.8,5.5,4,6.7,3.8,4.5,5.7,4.4,5.4,4.8,0.4,0.9,1,9.9,9.6,9,2.1,4.9,6.4,10,41.6,13.9,4.6,83.6,19,15.7,9.7,32.5,46.5,7.6,10.3,42.6,8.3,2.1,1.9,27.2,1.5,1.1,4.2,2.1,1.7,5.9,9.5,15.5,29.1,11.3,2.7,1.6,20.2,2.7,32.9,0.8,3.5,9.9,33,24,4.3,2.4,27.5,3.5,4.5,1.7,8.8,4.8,14.2,5.2,3.9,1.2,0.7,2.9,67.8,53.3,50.6,50,41.1,22,3.5,461,85,97,25,205,42,80,6,11,25,27,147,102,10,51,15,6,17,7,22,61,352,443,6:40,7:08,18:47,23:16,8:38,18:38
Total,R39000,高知県,637,27.7,8.2,7.4,2,10.8,8.4,4.7,3.8,7.2,6.2,8.2,6.4,62.7,4.7,2.1,4.6,3,3.8,4.7,2.6,4.8,5.6,0.2,0.4,0.2,9.5,11.5,8.4,1.5,4.6,4.5,9.4,36.4,10.9,4.4,80.5,14,14.2,8.4,29,47.1,6.5,9.7,40.4,7.5,2.2,1.6,24.3,1.7,1,2.5,1,0.7,4.6,8.2,12.8,24.6,10.2,1.9,1.7,17,1.6,30.8,0.7,2.2,11,29,24,4.8,2.7,22.6,3.2,3.5,1.2,6.4,3,9.4,4.7,3.3,1,0.4,2.3,60.8,46.9,42.7,42,33,17.8,3.8,472,87,97,26,207,36,83,5,12,21,29,152,100,11,43,13,3,17,7,20,63,351,420,6:29,7:08,18:52,22:55,8:22,18:09
Total,R40000,福岡県,4481,36.6,11,10,3.2,15.8,12.4,7.3,3.8,12.3,8,12,7.7,65.8,7.4,3,4.8,3.5,4.9,5,3.9,5.5,7.2,0.4,0.7,0.8,14.7,8.2,8.4,1.4,7.6,7.5,10.7,40.3,13.8,6.4,86.3,26.1,18,13,39.7,48.5,9.3,12.5,48.1,9.7,2.9,2.6,32.4,1.8,1.6,4.1,2.3,1.4,5.6,10.3,17.8,24.4,10.8,3.8,1.8,23.2,2.8,36,1.2,3.2,9.5,34.4,29.1,6,2.8,28.1,3.2,4.1,1.4,8.9,3.8,13.4,4.6,4.1,2.6,0.9,3.1,73.6,58.3,58.4,57.5,46,28,6.2,459,79,98,31,212,50,85,5,16,25,26,143,95,11,42,14,4,17,10,18,74,367,443,6:36,7:11,19:10,23:17,8:22,18:55
Total,R41000,佐賀県,721,33.7,8.9,8.4,1.9,14,11.1,6.2,4.1,10.6,7.4,10.7,9.7,63.4,6.9,4.6,6.6,3.8,6,5.3,4,6.2,5.9,0.5,0.9,1.3,11.8,10.7,7.6,1.2,4.5,6.4,11.3,36.7,13.5,6.1,83.1,22.7,15.5,11.2,32,44,6.9,11.2,43,8.9,3,1.8,26.5,1.9,1.1,5.7,2.1,1.4,5.3,9.4,17.1,26.6,9.4,2.5,1.7,21.3,1.4,31.3,0.9,2.5,10.4,30.7,26.1,4,2.5,32.6,3.1,4.6,1.2,9.7,4.4,18.9,6.1,6.9,2.2,0.8,2.7,68.5,55.7,50.7,49.6,43.7,17.5,4.2,465,82,96,26,228,47,80,3,12,25,24,142,100,10,37,15,5,15,10,18,60,374,440,6:33,7:10,19:02,23:08,8:23,18:36
Total,R42000,長崎県,1191,30,8.2,7.6,2.1,13.2,11.1,4.8,3.5,9.4,6.3,8,7.9,64.5,5.5,4.3,7.2,4,3.7,5.3,3.8,6.3,4.4,0.5,0.6,1.5,10.9,12.8,8.2,0.8,5.4,3.7,10.8,35.8,13.7,6,83,18.1,14.8,10.4,29.2,45,7.5,10.3,43.4,7.3,2.5,2.5,26.1,2.2,0.9,4.6,1.5,1.2,5.9,9.7,17.2,26.2,11.6,3.1,1.3,19.3,1.7,31.5,1,2.3,10.5,29.9,24.6,4,2.9,27.7,2.4,4.4,1.2,8.9,3.4,12.8,5,4.2,1.5,0.4,3.3,62.2,48.3,46.8,46.2,36.4,20.2,3.7,458,79,97,27,213,44,83,5,12,24,26,150,104,10,44,14,5,15,9,18,66,363,454,6:28,7:05,18:53,23:06,8:16,18:41
Total,R43000,熊本県,1548,32.1,9.9,9.2,2.6,12.5,9.9,5,4.1,10.4,6.9,9,8.6,66.7,7.1,3.1,6.4,3.2,6,4.9,3.6,6.1,5.9,0.8,0.4,1.7,12.7,12,8.7,1.1,5.6,5.8,11.8,39.5,13.4,7.2,82.3,17.3,13.4,10.8,30.6,43.9,7.8,9.7,40.8,9.8,2.1,1.9,27,1.5,1.3,3.9,1.8,1.4,6,9.5,16.6,26.1,10.9,3,1.3,21.5,2.2,31.7,1.2,3.6,12.9,30.7,24.3,5,3.1,32.7,3.4,4.6,1.7,9.5,4,15.1,5.1,6.1,8.4,0.4,2.9,66.6,51.5,51.3,50.3,40.7,21.4,4,464,75,100,28,230,44,80,3,12,23,25,143,99,11,36,15,4,17,10,21,63,386,430,6:25,7:03,19:03,23:02,8:15,18:37
Total,R44000,大分県,1016,32.2,8.2,7.4,2.3,12.6,9.5,5.1,3.9,9.8,6.6,9.3,7.6,67.2,7.8,3.6,6.7,4.2,6,6.9,4,6.5,8.2,0.7,0.6,1.3,12.9,11.1,9,1.7,5.7,4.9,11.7,41.3,15.6,6.8,84.5,19.9,17.4,11,33.6,46.6,8,11.6,41.3,9.6,2.7,2,27.7,1.5,0.8,4.3,1.4,1.1,5.7,9.6,17.6,26.9,11.7,2.9,1.9,21.8,2.3,32.4,1.1,3.7,10.7,31.6,27.9,5.2,3.2,29.8,3.8,5,1.2,8.4,4.1,14.8,6.3,4.2,1.7,0.7,3,70.1,56.6,53.8,53,44.3,23,4.1,465,79,96,24,213,44,87,4,12,25,27,149,100,10,41,15,5,18,8,19,57,361,474,6:25,7:03,18:57,23:04,8:29,18:19
Total,R45000,宮崎県,955,29.1,8.3,7.9,2.1,12.3,9.5,5,3.8,8.7,6.6,7.8,7.1,64.5,6.2,2.5,8.6,3.4,4.7,4.5,5,5.5,7.7,0.6,0.5,1.1,11.4,10.8,6.9,0.8,5.1,4.9,11,37.9,13.2,6.3,81,17.9,13.9,10.2,25.5,44.4,8,10.1,39.7,9,2.1,1.9,27.3,1.8,1.1,3.9,1.1,1,6,9,16.2,27.9,12.1,2.9,2.2,20.3,1.5,30.7,1.2,2.1,12.2,30.8,26.3,5.4,2.5,29.1,3.3,5.2,1.5,8.7,3.5,12.9,4.6,4.7,2.2,0.8,2.9,65.9,52.7,48.4,47.6,39.5,18.7,3.4,473,78,100,24,208,42,84,4,12,24,27,152,102,11,41,13,4,17,8,17,59,355,418,6:25,6:59,18:54,22:48,8:16,18:16
Total,R46000,鹿児島県,1424,29.2,7.1,6.6,1.7,12,9.3,5.1,3.6,9.6,6.3,8.2,7.8,68.2,5.9,4.5,7.7,4.3,5.3,6.4,4.3,6.7,7.3,0.5,0.7,2.4,10.2,11.4,9,0.5,4.6,4.9,10.9,39.7,11.8,6.9,83.5,17.6,12.5,10.4,30.4,45,7.9,10.2,42,9,2.3,2.6,28.4,2.2,1.2,3.6,1.4,0.8,6.7,10.2,17.1,29.1,13.4,2.8,1.6,20.9,1.9,30.5,0.8,2.5,12.4,30.2,27.4,5.9,2,32.6,3.3,5.8,1.7,10.7,4.3,17.6,5.3,6.5,1.9,0.5,3.1,66.8,52.1,49.6,49,39.6,21.2,2.9,468,79,103,23,213,42,84,4,14,24,30,139,109,9,37,14,4,16,10,19,58,355,468,6:23,7:04,19:05,22:57,8:19,18:23
Total,R47000,沖縄県,1231,33.8,12.3,11.6,3.1,14.8,11.2,6.9,3.3,8.4,7.8,8.5,8.5,67.9,9.9,2.6,6.6,6.7,6.5,5.2,4.1,6,6.9,0.6,0.5,1.6,19.6,11.1,10.3,0.3,2.7,4.2,13.6,38.6,17.2,6.6,83.9,20.3,13.4,12.5,36.2,49.8,7.3,8.9,48.4,10.7,4.8,1.9,39.5,2.2,1.8,3.4,1.3,0.5,4.9,7,15.6,21.9,13.7,3.3,1.7,19.5,1.7,33,1.6,2.7,3.9,28.5,24.8,7.2,2.8,25.1,3.6,3.7,1.5,10.2,4,8.3,2.5,3,1,0.4,3.4,52.4,34.2,37.8,36.6,28.3,15.5,4.5,461,77,98,30,223,51,79,5,20,23,26,140,93,12,35,17,3,19,7,20,64,373,423,6:36,7:14,19:19,23:16,8:34,18:44
Male,R00000,全国,55207,36.5,13.4,12.6,3.3,20.4,15.4,10,2.5,6.5,10.5,9.7,8.8,73.5,11.9,4.2,4.1,5.5,9.8,7.6,5.7,6.2,13.5,0.9,0.9,0.9,15.1,13.7,11.7,6.7,10.7,10,16,37.7,16.4,5.8,87.2,25.9,16,9.7,36.8,52.6,7.3,9.9,49,8.7,2.6,1.4,30.9,0.7,0.6,2.6,0.3,0.6,0.8,0.9,6.6,20,17.7,2.6,1.5,21.8,1.9,34.8,2.1,5.6,14,40.6,29.9,7.6,3.8,25,3,2.8,1.2,6,4.6,12.3,5.7,4.3,1.5,0.7,2.6,71.1,56.3,57.3,56.2,47.4,25.4,6.3,465,71,98,43,281,44,19,2,6,17,28,139,97,13,57,18,4,15,7,17,85,409,405,6:40,7:01,19:17,23:16,8:04,19:31
Male,R01000,北海道,2239,30.3,9.9,9.2,2.7,16.7,13.6,7.3,2.1,7.1,7.8,7.2,8,70.6,12.8,3,4.6,7.1,8.3,9,4.7,8.9,10.4,0.9,0.7,0.9,14.6,13.5,8.4,12.4,7.1,11.4,13.3,33,17.4,7.7,85,28.4,12,8,28.8,51.1,6.6,9.8,47.9,8.5,3,1.6,31.4,0.6,0.5,2.3,0.3,0.6,0.9,1.1,7.2,21,20.3,1.9,1.7,22.9,1.3,33.1,2.6,4.8,16.3,39.7,24.1,13.1,3.6,22.2,3.9,2.9,1.3,4.1,4.1,10.4,4,3,1.1,0.6,1.9,65.7,51.4,51.8,51.1,40.9,27.4,4.4,475,70,91,31,283,36,19,2,4,16,23,162,105,11,60,16,3,14,7,14,62,427,380,6:35,7:05,18:56,22:57,7:58,19:17
Male,R02000,青森県,540,25,6.2,6.1,1.4,12.9,10.1,5.7,1.5,3.6,7.9,5.1,7.7,62.1,12,2.4,4.8,7,7.6,5.1,4.3,6.9,5.6,0.9,0.8,0.6,11.4,13.8,6.1,7.4,5.8,6.5,14.1,32.9,13.4,3.9,82.9,19.8,10.2,6.1,25.8,47.4,4.4,6,40.9,5.7,2.6,0.9,24,0.9,0.7,1.7,0.3,0.5,1.1,1,4.5,18.1,18.9,1.9,0.9,15.7,1.6,26.3,1.9,6.8,17.2,35.9,18.6,5.4,4,22.6,2.9,2.3,0.4,4.9,3.1,11.9,5.3,3.6,0.6,0.1,2.2,56.8,46.5,38.1,37.6,30.5,14.9,2.6,488,68,96,27,272,37,19,2,4,16,23,156,105,6,61,14,4,13,10,20,60,416,415,6:26,6:59,18:49,22:44,7:54,19:02
Male,R03000,岩手県,548,27.7,7.5,6.8,1.8,14.5,11.8,6.5,2.1,6.2,7.9,7,7.2,65.1,12.4,3.7,5.6,5.6,8.7,4.7,3.6,6.2,7.4,0.9,0.8,1.4,9.8,15,7.1,7.9,7.7,6.3,12.9,31.7,14.1,4.9,84.9,24.2,10.8,8.6,22.4,46.6,5.1,8.3,42.6,6.8,2.4,1.6,25.1,0.8,0.2,2,0,0.2,0.4,0.7,5.1,20.8,20.8,2.2,0.8,16,1.8,29.2,1.8,4.5,17.9,35.1,19.5,5.4,3.9,29.3,2,3.1,1,6.1,6.4,17.6,7,6.1,2.6,0.4,2.2,62.6,49.9,45,44.6,37.5,18.5,2.3,478,76,100,30,281,38,24,2,5,17,29,133,104,11,54,14,5,10,6,23,62,413,423,6:22,6:54,18:53,22:43,7:48,18:46
Male,R04000,宮城県,1023,35.8,10.1,9.5,3.2,19.5,15.5,8.4,3.5,6.3,11.8,8.6,9.5,71.8,12.6,3.4,5.2,5.8,10,9,4.7,8.7,10.4,0.7,1,0.8,13.8,14.6,10.6,6.6,8.1,6.5,14.1,36.5,17,6.6,87.9,30.5,15.8,8.5,34.1,53.2,6.5,11,50.2,8.4,3.4,1.6,30.1,0.6,0.2,2.3,0.2,0.7,0.5,0.7,6.1,22.6,17.9,2,1.3,19.4,1.3,35.1,2.6,6.4,15.9,37.7,31.4,5.8,3.3,24.4,2,3.4,1.2,5.4,4.5,13.9,7.3,5.1,1.7,0.5,2.1,73,55.9,58.6,57.5,45.3,28.8,4.9,470,71,99,38,284,40,19,4,6,18,33,132,95,10,60,18,3,15,8,17,72,403,370,6:34,7:03,19:08,23:00,7:55,19:13
Male,R05000,秋田県,427,26.6,6.5,6.2,1.6,14.6,11.6,6.1,2.2,5.2,7.4,6.1,8.2,65.9,13.2,2.2,3.1,5.2,5.2,4.8,4.2,5.1,8.5,1,1,1.3,9,12.9,6.4,8.5,7.6,7,12.5,33.3,14.1,5.5,82,24.9,10.5,8.3,24.5,46,5.3,8.5,39.5,6.4,3.1,1.1,22.4,0.5,0.6,2.4,0.3,0.3,0.5,0.8,5.2,21.5,21.4,1.4,0.9,17.4,1,28.8,1.5,4.5,15.5,34.1,24.6,4.7,3,30.5,2.4,3.7,0.9,6.9,4.6,17.5,7.4,5.6,0.9,0.2,2.1,67,55.1,48.7,48.3,41.7,15.6,2.2,488,77,101,27,261,35,18,1,5,15,24,150,110,9,56,18,3,14,6,20,61,399,433,6:27,6:59,18:51,22:36,8:05,18:54
Male,R06000,山形県,478,30,6.2,5.7,1.8,16.8,12.4,8.4,2.3,6.8,6.9,7.7,7.7,68.4,10.7,5.9,5.4,5.4,9.3,7.2,3.2,5.7,9.2,0.9,0.6,0.7,13.6,17.5,8.9,9.8,8.1,7.4,13.5,30.6,13.3,6.2,85.3,22.2,13.6,8.1,34.4,46.6,6.4,8.9,41.7,7.9,2.6,1.3,27.7,0.6,0.6,2.3,0.4,0.2,0.6,0.8,6.2,23.9,18.3,1.8,1.1,16.5,1.9,27.4,1.4,6,16,36.1,26.8,6.4,2.9,34.7,3.1,4,1.1,10.2,5.3,20.9,9.8,6.4,1.4,0.5,2.8,71,56.9,53.1,52.4,45.5,17,3.5,481,74,97,30,276,42,22,2,6,16,26,147,100,6,51,17,3,17,6,20,64,399,472,6:30,7:04,19:00,22:43,7:58,18:46
Male,R07000,福島県,848,28.9,8.7,7.9,1.5,15.8,12.1,7.6,1.9,5.5,8.9,7.8,7.5,66.8,8.9,8.8,4.6,4.8,7.9,5.9,4.6,6,11.4,0.7,0.8,1.1,13.3,10.7,9.1,7,9.7,9.4,11,31.9,12.8,4.1,83.6,22.4,14.3,8.3,28.8,48.2,5.6,9.7,41.2,6.5,1.8,1.5,25.3,0.2,0.4,2.4,0.1,0.3,0.5,0.4,5.6,23.4,18.5,0.9,0.9,19.5,1.7,30.1,1.5,4,16.8,35.5,24.8,6.6,2.9,28.9,2.7,2.8,1,7.9,4.5,15.4,7.6,5.8,1.3,0.2,3.2,67.6,56.5,51.7,51.3,45.9,18.8,3.4,475,67,97,35,302,40,20,1,3,17,25,142,107,8,48,14,4,14,5,18,69,421,453,6:27,6:51,19:11,22:49,7:42,19:01
Male,R08000,茨城県,1301,34.6,12,11.6,2.7,21.4,16,10.7,2.5,6.3,10.5,8.7,9.4,73,9.5,3.6,3.1,4.6,9.2,7,6.3,5.1,17.1,0.9,1.4,0.5,13,14,8.3,5.6,10,11,17,40,15.4,4.9,87.6,21.5,14.4,7.2,37.1,52,6.6,9.3,47.3,8.2,2.3,0.9,28.5,0.6,1.1,2.4,0.2,0.5,0.6,1,6.4,28.6,21.5,2.4,1.1,20.4,1.2,32,1.9,4.2,14.1,39.9,31.8,7,3.3,26.5,2,2.8,1,5.3,4.7,14.2,5.7,5.2,1.1,0.6,2.7,70.9,58.2,53.8,53,46.4,21.7,4.6,464,73,97,41,278,46,19,2,4,17,27,147,98,10,54,20,3,15,6,17,82,405,462,6:35,6:59,19:20,23:07,8:09,19:46
Male,R09000,栃木県,876,32.1,11.7,11,3,16.8,12.2,8.2,2.1,7,8.1,7.6,8.5,73.5,11.1,5.2,3.6,4.8,10.2,6.7,5.2,5.9,14.6,0.9,0.8,0.6,15.1,12.6,11,7.5,11.1,10.5,15.6,37.1,14.6,4.8,84.4,20.8,11.6,6.9,33.3,49.1,4.8,8.1,42.6,8.2,2.3,1.2,25.8,0.6,0.5,2.6,0.3,0.5,0.7,0.6,7.3,26.1,20.2,2.4,1.5,20.9,1.4,30.5,1.5,5.2,14.7,39.2,30.7,5.5,3.3,25.1,2.8,2.8,1.1,6.1,4.4,14.6,4.7,5.3,0.6,0.8,1.7,69,57.5,52.9,51.6,46.3,16.3,5.2,468,73,98,37,283,42,17,2,6,18,33,135,96,8,61,22,4,13,6,17,75,409,462,6:26,6:52,19:16,23:00,7:53,19:20
Male,R10000,群馬県,868,32.7,10.1,9.1,2.8,18,14.9,7.7,2.8,7.2,8.8,7.9,9.5,71.9,12.3,4.8,4,6.1,8.3,8.5,5.6,7.4,15,0.7,0.9,1.4,13,12.4,9.1,9.4,12.2,13.9,14.9,38.7,15.2,5.2,85.7,21.8,13,8.6,31.8,48.8,6.3,9.3,44.4,7.7,2.4,1,28.4,0.6,0.4,3.5,0.2,0.7,0.4,0.8,7,28.3,19.6,2,1.2,22.1,1.8,30.4,1.5,5.4,12.8,37.5,29.9,6.2,2.9,27.3,2.2,2.9,1.3,6.1,4.8,16.2,5.8,5.2,1.2,0.9,2.1,72.6,61.4,54.4,52.7,46.6,16.7,5,467,75,100,36,302,46,21,1,6,15,24,136,91,11,48,19,4,13,8,17,72,422,468,6:34,6:55,19:11,23:01,8:02,19:17
Male,R11000,埼玉県,3280,40.5,14.8,13.8,3.3,25.1,18.7,13.8,2.9,6.1,10,10.3,8.8,76.3,12.5,4.7,3.2,6.4,11,9.2,5.9,7.3,15.9,1.6,0.8,0.7,14.9,10.2,13.7,7.7,13.2,10.9,19.2,41.9,18.4,4.7,89.1,26.8,16.6,10.7,41.5,55.9,8,11.4,53.3,9.6,2.9,1.6,33,0.5,0.7,4.3,0.4,0.6,0.8,1.1,7.6,21.6,16.5,3.1,2,24.3,2.3,38.1,1.7,6.5,12.1,41.9,33.9,8.2,3.6,21.8,3.6,2.9,1.2,5.6,4.1,8.7,5.3,3.8,1.3,0.8,2,74.8,59.1,62.9,61.7,52.5,28.2,6.5,455,71,103,54,283,45,20,2,7,17,31,139,89,13,54,19,3,12,8,17,106,399,404,6:36,6:57,19:26,23:23,7:54,19:51
Male,R12000,千葉県,2795,41.7,16.7,15.9,3.7,23.7,18.3,11.5,2.8,7,12.6,11.9,9.5,75.8,12.5,3.1,3.1,5.9,11,7.7,6.4,6.4,17,1.2,1.3,0.7,15.8,12.9,12.3,9.4,12.1,11.6,18.4,39.8,17,6,90.7,28.1,18.1,10.5,41.8,57.8,7.9,10.4,53.7,9.4,2.2,2,33.8,0.8,0.7,3,0.1,0.6,0.9,0.6,7,22.7,19.5,3,1.8,24,2.4,38,2.7,6.3,12.7,43,33.9,7.4,3.8,24.2,3.5,2.8,0.9,6,4.5,10.1,5.6,4.7,1.5,0.8,2.2,75.7,58.4,63.9,62.9,51.9,30.3,8.3,454,74,100,56,278,46,20,2,5,19,29,132,92,13,62,19,4,15,5,15,112,404,416,6:29,6:57,19:29,23:18,7:47,19:46
Male,R13000,東京都,6093,45.6,20.7,18.9,5.7,25.9,19.5,13.1,2.1,8.3,15.3,14.9,9.3,78.5,11.3,2.5,3.1,4.9,11,9.6,7.3,5.7,15.3,0.7,0.9,0.5,15.1,9.9,16.1,9.1,14.6,13.7,19.3,43.1,18.3,5.3,89.8,28.7,24.2,14.4,46.9,62.5,10.6,14,60.4,12.5,2.2,1.7,34.2,0.5,0.8,1.8,0.2,0.4,1,0.9,8.4,15,14,3.3,1.7,27,3.3,45.9,2.8,6.5,8.3,46.9,35.6,7.8,5.1,19.1,2.6,2.4,1.8,4.9,4.7,5.6,3.8,2.6,1.7,1.2,2.6,75.8,58.6,66.6,65.4,54.3,35.7,11.1,457,73,100,53,285,43,18,2,9,17,30,119,94,16,64,18,4,19,5,17,101,389,360,6:56,7:10,19:31,23:40,8:27,19:43
Male,R14000,神奈川県,4111,43.8,19.6,18.6,5.1,25.5,17.7,14.4,1.9,7.9,12.3,11.6,10.8,76.8,12.6,2.1,3.1,6.8,12.5,9,7.2,7.7,13.2,1.1,0.6,0.4,15.4,10.2,14.3,6.9,15.1,11.6,17.5,41.3,19,6.3,90.1,29.9,17.9,10.7,43.5,58.1,9.6,11.7,56,10.3,3,1.9,37.3,0.8,0.5,2.3,0,0.5,1.3,1.1,8.9,19.1,17.3,3.5,1.7,27.3,2.7,42.7,2,6,11.1,45.6,34.8,8.1,5.2,21.2,2.4,1.8,0.7,5.7,5.1,8.2,4.2,3.6,1.2,0.8,2.3,75.2,58.9,64.7,63.2,52.4,31.9,9.3,457,73,97,60,292,40,18,1,5,18,32,125,92,16,58,17,3,17,7,13,112,412,351,6:45,7:03,19:38,23:27,8:01,19:55
Male,R15000,新潟県,993,28.8,7.4,7,1.1,15.7,12.8,6.7,1.9,4.9,7.6,7.2,7,66.7,11.1,2.6,3.6,6.4,7.5,4.9,4.4,6.8,9.7,0.6,0.4,0.8,12.8,14.9,10,9.5,10.2,7,15.2,31.2,15,4.5,84.2,19.9,14.4,6.2,32.8,47.2,5.1,7.9,41.8,7.2,2.1,1,26.6,0.9,0.5,2.4,0.3,0.6,0.5,0.9,5.4,20.4,18,2,1,17.8,0.8,29.1,1.6,4.6,14.2,35.4,26.4,5.9,3,27.3,2.6,2.6,1.3,6,4.4,14.5,7.5,4.6,1,0.4,1.9,71.2,57.3,55.1,54.1,48.3,18,2.9,475,72,97,34,296,36,22,1,5,16,23,143,99,7,56,13,3,14,6,21,66,421,449,6:30,6:49,19:04,22:52,7:57,19:19
Male,R16000,富山県,461,32.5,9.4,8.5,2.7,17.6,12.3,9.2,1.8,5.6,8.1,8.7,8.9,73.2,12.6,5,3.2,4.8,7.5,7,4.8,6.5,12.7,0.9,1.3,1,16.3,15.5,9.8,12.7,12.1,9.4,16.8,37.3,16.2,6.4,88,25,19.8,10.7,36.7,51.2,8,10.5,44.5,7.7,3.1,1.4,27.9,0.8,0.5,2.6,0.2,1,0.4,0.8,6.3,21.9,20.4,1.7,1.5,21,1,32.2,3,5,16.1,40.3,30.3,5.8,3.2,33.2,2.7,4,1.4,7.2,6.6,18.4,9.7,6.5,1.1,0.8,2.7,74.1,60.2,59.4,58.6,53.2,18.4,4.8,473,69,96,35,283,43,20,2,5,17,27,139,100,11,55,23,6,16,4,18,65,411,447,6:27,6:56,19:04,22:51,8:01,19:09
Male,R17000,石川県,494,34.1,13.1,12.6,2.9,19,15,8.2,2.6,5.9,9.9,9.8,8.9,74.4,12.1,6.1,4.3,5.7,9.5,8.2,6,6.5,12,1.2,0.9,2.1,17.9,16.4,11.5,9.1,8.5,9.3,15.7,36.6,17.6,6.2,88.4,23.2,19.4,9.4,37.1,52.3,7.2,7.2,45.5,7.4,2.9,0.9,27.2,1,0.5,2.6,0.1,1.3,0.6,1.1,6,19.8,19.2,2.9,1,19.5,1.7,32.8,1.6,6.4,18.6,40.3,29.2,6.4,4.4,32.7,3.3,2.8,1.6,9.6,6,17.5,9.2,5.8,1.3,0.7,2.6,70.7,53.9,58.2,56.4,48.9,22.1,5.9,470,63,95,33,293,45,18,2,6,16,29,135,100,13,62,20,6,15,6,15,64,426,415,6:31,7:03,19:21,23:05,7:58,19:10
Male,R18000,福井県,337,33.3,9.9,9.4,1.9,18.5,13.6,9.4,1.7,5.9,9.2,7.7,9.5,70.1,10.2,6.4,5.7,4.7,6.9,7.9,4.5,6.9,11,0.7,0.9,1.4,14.2,13.7,9.8,8.2,10,8.5,16.3,31.5,14.3,5.7,86.5,19.3,14.2,6.8,33.4,46.8,6.5,9.3,41.8,6.4,2.5,0.7,26.3,0.5,0.4,2.5,0.2,0.4,0.6,0.5,5.8,20.6,20.7,1.4,0.9,18,1.2,29.8,2.1,5.3,20,37.8,26.5,6.2,3.3,33.7,3.5,3.1,1.4,9.4,5.2,20.1,9.1,6.2,1.1,0.2,2.6,70.2,58.1,53.7,53,48.2,15.1,4,476,71,96,31,294,42,22,2,4,14,25,127,102,12,54,19,6,15,9,19,62,422,439,6:32,6:56,19:06,22:56,8:09,19:30
Male,R19000,山梨県,365,34.3,10.9,9.8,2.4,17.7,14,7.9,3,5.4,9.1,8.7,8.1,72.9,9.8,6.6,3.7,3.7,9.9,5.8,4.3,6,16.5,0.7,0.8,2.3,11.5,11.7,9.2,7.3,10.3,8,14.2,35.1,15,7.3,85.1,24.9,14,7.3,31.9,49.1,7.4,7.9,44,6.1,2.2,1.3,30.8,0.9,0.7,2.2,0.3,0.7,0.8,0.6,5.1,23.9,18.5,2.1,1.2,18.2,2.3,29.8,1.9,4.2,14.4,34.6,25.1,6.9,3.1,31.8,3.9,4.1,1.8,7.5,6.7,16.8,9.5,6.5,2.5,1.2,2.4,70.1,57.1,52.9,52,46.6,15.8,6.1,470,66,103,33,283,39,23,3,4,16,25,138,100,10,57,19,4,18,8,22,66,403,404,6:30,7:00,19:11,23:06,7:56,18:55
Male,R20000,長野県,909,34.9,10,9.3,2.3,19.6,15.2,9.2,3.1,5.6,9,10.1,9.1,73,11.2,7.9,5.7,4.9,8,5.6,5.2,5.7,14.5,0.4,0.9,2.1,13.8,10.8,10.9,12.6,12,7.7,12.2,34.6,13.4,7.3,86.1,23.2,16.3,8.9,30.6,50.3,8.9,8.6,44.5,7.5,3.5,1.5,28.6,1.1,0.5,3.2,0.3,0.4,0.7,0.4,6.2,25.4,22,2.6,1.7,21.3,1.5,31.2,2.1,5.1,14.8,36,24.6,7.8,3.7,33.9,2.2,4.7,1.5,8,7.1,20.9,8,7.8,1.8,0.8,3.3,71.1,58.1,54.8,53.7,46.8,19.3,4.8,471,72,100,32,294,39,23,2,5,15,27,136,97,11,50,19,5,14,6,20,66,415,420,6:29,6:57,19:05,22:59,7:58,18:55
Male,R21000,岐阜県,876,32.7,12.2,11.3,2.7,17.7,13.8,8.2,2.3,5.5,10,8.9,9,73.3,13.4,4.7,5.3,4.4,7.6,6.4,5.5,5.1,13.9,0.6,1,0.8,15.4,14.2,10.6,7.9,11.9,9.1,12.7,35.8,15.8,6.1,85.9,20.9,13,8.3,36.1,48.5,6,8,42,7.5,2.4,1.1,25.3,0.8,0.7,2.5,0.4,1,0.5,0.6,5.7,21.5,18.4,1.9,1.3,18.3,1.2,27.4,2,4.2,17.3,39.1,27.1,7.3,3.8,33.2,3.2,2.8,1.1,7.8,6,19.3,9,6.7,1.2,0.8,2.7,73.2,58.9,55,53.5,46.6,18,6.4,469,64,94,36,279,49,19,3,4,16,29,148,101,11,53,19,5,16,9,18,74,416,428,6:29,6:51,19:04,23:00,7:59,19:42
Male,R22000,静岡県,1624,31.9,10.3,9.8,2.6,17,12.5,8.2,2.4,5.6,8.4,8,8,72.4,10.1,3.7,3.7,5.5,11.5,6.2,5.5,4.2,11.5,1.2,0.9,0.8,13.3,13.3,10.9,5.2,9.1,9.2,15.1,38.9,15.8,6.4,87.2,20.9,13.3,6.9,33,50.6,6.4,9.4,45.3,7.7,2.6,0.9,27.3,0.8,0.8,2.2,0.3,0.6,0.7,0.5,5.6,21.4,17.3,2.1,1.3,18.5,1.3,31.7,1.8,3.8,15,38.9,30.1,6.8,3.2,30.8,3.4,2.3,0.8,6.6,3.6,15.3,11.5,4.9,1.8,0.3,2.2,71.1,57.4,54.2,53.1,46.2,18.5,5.7,464,73,96,36,276,39,16,2,6,16,28,145,100,16,62,17,9,15,6,19,73,411,414,6:24,6:48,18:58,23:03,7:53,19:21
Male,R23000,愛知県,3352,35.7,15.4,14.6,2.5,18.8,14.2,8.5,2.2,5,10.5,7.5,8.3,75.4,12.9,5.2,3.8,6,10.8,8,6,6.1,14.7,1.1,0.8,0.9,18.7,13.6,14.7,6.9,9.2,9.8,17.4,36.7,17.2,6.7,89.5,27.7,15.7,10.1,39.4,54.2,6.5,8.5,49.6,9.2,3.1,1.1,32,0.9,0.4,2.6,0.3,0.4,0.7,1,5.6,19.5,16.8,2,1.8,22.7,1.2,35.2,1.4,5.5,15.8,44.2,35.2,10.3,4,22.9,3.2,1.9,1.1,5.1,3.9,11.2,6,4.2,1.2,0.9,1.8,76.2,63.4,62.4,61.4,52.8,27.3,7.8,460,69,94,44,289,47,18,2,5,19,29,134,98,12,62,18,4,16,5,16,84,414,395,6:38,6:56,19:25,23:20,7:56,19:40
Male,R24000,三重県,788,35.5,13.2,12.6,1.8,19.1,14.9,7.6,1.9,6.4,8.7,8.6,7.3,72.3,12.2,5.9,5.7,5.4,9,7.7,6.1,6.1,14.7,1.1,0.7,0.8,16.4,15.3,9.3,5.9,8.5,7.2,14.1,35.7,17.1,5,87.4,22.4,13,7.9,34.2,49.4,5.4,8.7,47,7.7,2.4,0.8,28.6,0.5,0.5,2.9,0.1,1,0.3,0.7,6.6,22.2,20.6,2.1,1.3,21,1.8,29.8,1.9,4.9,17.6,42.8,30.2,7.2,4,29.8,2,3.4,1.2,6.5,5.1,18,7.9,5,0.7,0.9,2.6,74.4,60.6,60.2,58.9,51.7,22.5,5.5,468,72,94,39,279,39,18,2,5,16,31,147,101,12,58,20,4,13,5,17,76,399,418,6:47,6:59,19:03,23:10,8:04,19:22
Male,R25000,滋賀県,619,40.7,16.2,14.7,2.9,22.8,18.1,11.1,2.1,7.8,13.1,10.2,11.9,76.9,14.6,4.2,4.3,6.6,11.2,7.8,5.6,6.2,13,1.6,1.2,1.6,19.5,16.3,13.3,7.9,9.8,10.7,18.2,38.8,17.4,8.5,88.4,25.1,15.2,12.9,37.5,52.1,7.6,9.4,48.8,9.2,3.1,1,33.9,0.3,0.5,3,0.4,0.9,0.6,0.7,6.9,22,20.8,2.6,1.1,19.2,1.1,31.8,1.4,6,15.1,42.3,31.6,7.1,3.9,36.1,4.7,3.5,1.1,7.7,5.6,21.1,9.2,7.8,1.1,1.8,4.2,75.9,63,62.7,61.9,53.1,26.5,6.7,468,70,100,42,280,45,18,2,6,17,27,126,103,14,57,21,6,13,8,18,78,405,342,6:39,6:58,19:17,23:20,7:47,19:25
Male,R26000,京都府,1117,41.2,16.8,15.2,6.2,22.9,17.8,11.5,2.9,8,15.2,14.1,7.9,74,11.7,5,3.8,5.2,8.7,5.6,5.9,4.8,11,1.1,0.7,1.3,15.9,12.4,13.5,5.2,11.1,11.5,15.5,37.5,13.6,5.8,87.3,23.7,19.4,11.6,38.5,53,8.6,11.7,50.6,10,3.4,1.6,29.3,0.7,0.5,1.9,0.7,1.4,1.5,1.6,5.6,19,17.1,3.1,2,21.8,2.2,35.4,2.5,5.8,12.9,38.1,33.3,5.9,2.8,22.8,3.5,3.3,1.5,5.4,5,11.2,5.6,4.1,1.3,0.7,3.1,69.6,55.7,56.9,55.7,48.1,25.8,6.8,466,74,99,40,259,46,21,2,6,17,30,138,94,14,65,23,7,21,4,16,84,389,359,7:06,7:13,19:16,23:47,8:28,19:22
Male,R27000,大阪府,3813,37.3,13.4,12.6,4.6,20.7,16.1,10.1,3.2,7.2,9.8,9.6,10.2,72,10.9,2.9,3.3,5.6,10,7.7,5.2,5.4,13.1,0.8,1.1,0.3,15.4,13.9,11.2,4.5,12.7,9.8,15.6,36.7,15.8,4.2,86.2,25.6,15.7,11.7,39.7,51.8,7.6,9.3,50.3,7.7,2.4,1.7,32.1,1,0.7,2.1,0.5,0.8,1.1,1.2,6.8,12.4,14.9,3.1,1.9,21,2.3,37.2,2.5,6.3,13.2,40.5,30.3,8.6,4.1,18.4,2.5,2.1,0.9,4,3.2,7.4,3.9,1.8,1.1,0.8,3.1,68.8,53.2,56.3,55.2,46.4,25.3,6.5,463,70,99,45,260,47,17,3,6,17,28,150,93,18,58,18,4,17,8,20,90,412,383,6:56,7:12,19:18,23:40,8:14,19:46
Male,R28000,兵庫県,2351,37.7,14.4,13.6,3,21.4,15.6,10.4,2.2,6.6,11.2,10.3,8.5,75.4,11.5,4.2,4.1,5.6,9.5,7.4,6,6,17.1,0.9,1,0.8,15.4,16.2,12.8,7.3,13.6,10.4,14.7,38.5,16.7,6.3,87.2,28.4,15.7,11,36,50.2,8.2,10.5,47.2,9,2.8,2,31,0.3,0.6,3.9,0.2,0.6,0.8,0.9,6.3,17.5,16.3,3.4,1.2,23.6,2,34.1,2.1,5.4,14.3,39.6,29.5,9.2,5,24.8,2.7,3.1,1.4,6.6,4.7,12.9,5.5,4.1,1.3,0.9,3.2,72.1,56.6,57.6,55.8,48,25.5,6.7,460,70,100,44,281,41,19,3,6,18,28,139,100,13,54,20,5,15,6,17,88,424,403,6:46,7:01,19:17,23:25,8:11,19:56
Male,R29000,奈良県,574,38.4,13,12.3,3.2,23.5,18.4,10.1,2.4,6.7,11.1,10.6,9.3,74.7,12.7,4,2.8,5.4,9.5,5.8,5.9,5.6,15.2,1,1.4,1,14.8,14.3,14.6,4.2,13.5,8.3,15.3,36.9,15.7,5.4,87.3,24.1,17.7,10.6,37.4,51.4,6.4,10.3,47,6.6,2.7,1,31.2,0.3,0.2,2.6,0.2,0.7,0.4,1.1,6.6,22.8,18.2,3,2,25.1,1.9,34.8,2.6,6.6,11.9,38.4,31.6,8,3.7,26.4,3.6,2.9,1.3,5.7,4.6,14.3,5.1,3.2,1,0.9,3,74,60,62.3,61,52,27,6.9,462,70,99,50,268,44,18,4,6,19,28,136,99,15,55,18,3,15,7,21,103,406,387,6:38,6:59,19:20,23:20,8:00,19:46
Male,R30000,和歌山県,402,32,9.1,8.7,1.2,19.2,13.9,9.1,3.2,4.7,7.1,7.5,6.7,69.1,10.2,4.7,3.3,3.6,7.1,5.3,5,3.7,11.7,1.5,1.1,0.5,11.9,20.4,9.1,2.8,5.4,6.3,11.7,34,13.7,4.6,83.7,21.5,10.5,6,34,48.9,4.5,7.7,40.8,6.8,1.7,0.5,28.2,0.5,0.3,2.6,0.1,0.5,0.6,0.5,5.3,19.6,19,2.3,1.2,16.5,1.2,25.6,0.7,5.2,15.7,36.6,27.7,6,3,24,3.9,3,1.7,4.7,4.5,12.9,5.1,3.6,0.9,0.2,3.1,65.2,52.5,47.8,47.2,41.7,15.2,4.3,474,69,98,32,275,39,17,3,5,16,21,150,105,12,56,16,4,16,9,23,68,412,386,6:45,6:58,18:57,23:07,8:23,19:15
Male,R31000,鳥取県,239,31.1,8.3,7.2,2.3,17,13.2,7.5,3.2,5.5,8.5,8.3,8.2,71.3,13.4,4.8,7,6.7,9,7.7,4.6,7.8,9.9,0.9,0.9,1.6,12.7,16.2,8.4,5.8,9.3,8.4,14.9,35.3,13.6,7.1,83.4,19.4,14.9,8.2,24.3,43.3,6,7.8,41.2,7.4,2.1,0.9,25.7,0.6,0.5,1.8,0.4,0.6,0.6,0.7,5.8,18.6,16.8,1.3,1,17.8,1.7,28.7,2.5,6.3,17.1,34.7,22.8,4.8,2.8,34,3.3,4.3,1.6,7,5.5,20.8,8.9,7.9,1.3,0.6,3.9,65.8,52.3,48.2,47.5,39.2,19.9,3,473,72,94,31,292,39,18,2,5,14,24,158,95,8,50,15,5,14,6,24,62,423,456,6:32,7:01,19:07,22:55,7:58,18:56
Male,R32000,島根県,292,31.1,8.1,8,1.4,15.8,11.8,7.3,2.9,5.5,9.3,9.4,8.7,71.5,13.7,5.1,7.3,6,8.6,8.4,5.6,5.9,9.1,0.9,1.2,2,14.1,19.9,8.5,4.7,6.4,7.1,14.6,33.5,14.2,7.4,85.9,25.3,14.8,7.7,25.1,44.7,5.3,7.7,41,7.6,2.1,1.4,24.9,1,0.3,2.7,0.1,1,0.5,1,5.7,21.9,19,1.4,1.4,16.9,1.7,28,2.9,4.6,14.3,34.9,22.3,3.8,2.7,37.6,3.6,4.8,1.3,9.2,7,22.5,8.8,7.9,0.9,0.7,3.4,66.5,49.6,49.9,49.2,40.2,19.5,3.3,482,82,98,29,265,38,21,3,4,17,25,139,111,10,55,18,5,15,5,18,63,379,442,6:38,6:58,19:08,22:55,8:15,18:34
Male,R33000,岡山県,815,35,10.7,10.2,2.3,18.3,13.5,8.6,3.2,5.9,9.9,8.9,9.3,71.4,13.5,6.6,5.4,5.4,10.7,7.6,6.1,7.7,14.9,0.5,0.9,0.6,15.7,16.6,9.7,5.1,8,9.4,14,35.8,16.6,5.1,87.3,24.2,15,8.8,35,49.5,7,9.9,45.6,8.5,2.6,1.6,28.1,0.7,0.4,4.1,0.2,0.6,0.8,1.6,7.4,24,18.5,2.8,1.6,20.9,2.4,32.7,3.9,6.2,14.1,37.4,25.3,5.7,2.9,32.1,4.1,3.1,1.6,7.8,5.7,18.6,5.5,6.2,1.8,0.8,2.6,71.2,57.4,54.9,54.2,44.8,24.5,4.2,466,73,98,37,281,48,20,1,4,17,27,131,105,13,54,16,6,14,6,24,75,421,436,6:31,6:59,19:07,23:00,7:57,19:10
Male,R34000,広島県,1215,32.8,10.2,9.8,2.4,17.9,12.8,9.3,2.6,6.1,9,8.8,7.3,72.7,14.5,6,4.9,5.3,9.6,7,5.5,6.8,13.7,0.8,1,1.1,15.2,19.3,10.7,4.8,8.3,9,13.1,35.2,15,6.1,88.2,36.7,17,8.1,29.9,49.1,5.3,8.6,47.8,8.3,2.8,0.6,28.7,0.8,0.2,2.2,0.2,0.7,0.5,0.8,7.4,19.5,18.2,1.9,1.8,20.9,1.2,28.7,2,5.5,15.7,40.3,28.8,6.8,2.9,25.8,3.2,2.8,0.9,6.2,4.4,15.2,4.2,4,1.1,0.8,2.2,68.3,55.4,52.4,51.8,43.5,27,3.9,468,70,97,37,266,50,23,1,5,21,26,151,98,13,51,18,5,12,5,21,75,401,466,6:46,6:58,19:18,23:24,8:11,19:34
Male,R35000,山口県,585,29.7,9.9,9.3,2.1,15.7,12.7,6.4,2.6,5.1,9.4,8.4,7.2,71.9,10.8,5.9,5,4.3,8.9,6.3,5.4,4.9,13.7,0.8,0.6,0.5,12.7,19.1,10.2,3.6,7,9,16,37.8,14.5,5.3,84.1,23.1,13.7,6.5,31.8,47,5.2,7,42.4,5.6,2.4,1.2,28,0.6,0.2,2.8,0.4,0.3,0.6,0.3,4.4,22,17.6,1.6,0.9,19.2,1.5,29.3,2.4,4.3,17.7,38.5,28.1,4.7,2.2,27.2,3.4,3.6,0.9,7.2,5.3,15.2,4.4,4.4,1.6,0.4,2.9,66.6,54.1,50.3,49.3,41.6,20.2,4.1,468,75,97,33,256,49,20,2,7,17,23,165,104,11,58,19,4,13,6,14,67,399,466,6:38,6:56,18:58,23:03,8:16,19:17
Male,R36000,徳島県,317,29.2,9.5,8.9,1.8,17,13.7,6.4,1.7,4.7,9.1,8.1,7.7,70.3,10.6,5.1,4.8,4.8,7.4,6,4.7,5.9,11.4,0.6,0.9,0.2,13.3,17.4,8,3.5,7,9.1,13.2,38.8,15.4,3.8,83.2,22,12.5,7.5,29,46.5,5.4,7.7,40.8,7.9,1.9,1.2,26,1.6,0.3,3,0.2,0.8,1.2,0.9,5.4,20.9,19.4,2.8,1.8,16.8,2,29.6,2.2,5.5,15.8,37,23.8,6,2.7,26.2,3,2.7,1.1,5.2,4.5,14.9,5.5,4,0.9,0.5,3.1,62.5,48.5,46.9,46.1,40.2,17.2,4.1,475,73,99,32,274,40,23,4,6,16,26,150,104,9,52,17,4,14,8,15,69,413,431,6:43,7:06,19:03,23:02,8:02,19:02
Male,R37000,香川県,418,33.1,10.5,9.8,3.1,15.9,11.7,8.2,3.1,5.8,9.1,8,7.4,71.2,10.2,5.7,4.3,3.7,7.5,5.7,4,6.4,12,0.7,0.7,0.5,12.9,15.8,10,3.7,6.9,7.9,11.3,36.9,14.3,5.5,85.3,19.7,13.1,6.6,31.8,49.4,4.6,7.3,41.6,7,1.4,0.9,24.5,0.5,0.4,2.7,0.1,0.6,0.6,0.6,4.9,22.6,18.2,1.5,0.7,17.1,1.2,29.1,2.7,5.9,15.9,38.1,25,5.8,2.7,27.2,3.3,2.9,1.1,7.1,4.1,15.6,6.5,4.7,1.3,0.4,2.4,65.2,52,49,47.7,39.5,18.5,3.5,468,72,93,33,287,46,18,2,5,15,24,151,97,10,50,20,9,13,6,21,64,422,458,6:27,6:52,19:07,23:00,7:54,18:55
Male,R38000,愛媛県,578,31.7,8.8,8.5,1.6,16.5,13.6,6.6,3.1,6.1,8.7,8.4,8.6,72.2,9.8,6.7,5.1,4.1,7.1,6.1,5,5.1,8.8,0.5,1.3,1,12,16.2,9.3,2.5,5.4,8.6,13.2,39.2,15.4,5.4,84.5,23.3,13,6.4,30.1,47.7,5.4,7.6,41.6,6.3,2,1.3,28.2,0.9,0.6,2.5,0.3,0.6,0.7,0.7,5.1,22.1,19,1.9,1.3,17.2,1.6,28.6,1.5,6,17.1,37.8,21.5,5,2.7,27.1,3.2,3.4,1.1,5.8,5.6,15.1,6,4.1,0.9,0.4,3.3,67,51.4,50.4,49.5,40.5,21.6,3.8,474,72,94,31,273,46,17,2,3,16,23,144,104,9,64,19,6,16,5,22,64,404,464,6:49,7:05,18:52,23:22,8:18,19:27
Male,R39000,高知県,301,26.4,7.2,6.9,1.6,14.3,10.9,6.7,2.6,4.9,7.7,6.3,6.3,67.3,8.2,4.1,4.1,4.6,6.9,5.3,3.3,3.9,10.9,0.3,0.6,0.3,12.3,19.4,8.8,2.2,4.7,5.5,12.7,31.5,11.4,3.7,80.6,17.3,9.8,4.2,27.9,50,3.7,6.2,40.1,5.7,2.5,1.1,25.3,0.4,0.6,1.3,0,0.1,0.7,0.5,4,17.5,16.5,1.4,0.6,14,0.9,25.1,1.3,4.4,18.4,34.1,20.6,6,3.1,24.3,3.8,3,1.2,5.2,3.5,11.9,6.2,3.9,0.7,0.3,2.1,58.5,44,40.5,39.9,31.7,17.2,3,479,77,96,32,263,37,20,3,5,13,28,157,102,11,58,16,4,15,6,18,67,391,428,6:36,7:03,19:02,22:59,8:24,18:42
Male,R40000,福岡県,2116,34.6,10.2,9.6,2.1,18.6,14,10.1,2.4,6,10,9.5,7.2,70,12.6,5.2,4.5,4.5,8.6,6.5,4.5,5.3,13.1,0.8,1.3,0.8,18.3,13.3,9.4,1.8,8.8,8.8,14.5,35.7,15.4,7.1,85.8,29.9,13.9,6.9,36.8,48.4,6.1,9.2,48,7.8,2.3,1.4,31.8,0.7,0.5,2.5,0.1,0.4,0.6,0.8,5.7,19.2,17.7,1.7,1.4,19.1,1.8,32.7,2.2,5.6,15.9,40,24.6,6.8,3.2,26.4,3.3,2.2,0.9,5.9,4.6,13.7,5.3,3.5,2,0.5,3.1,71,54.9,56.2,55.3,44.3,27.3,5.1,467,66,94,40,284,57,16,2,4,15,23,148,94,12,51,20,5,14,10,17,76,425,447,6:44,7:06,19:20,23:20,8:05,19:34
Male,R41000,佐賀県,341,31.8,7.8,7.6,1.5,16.5,12.9,7.4,2.8,4.9,8.6,7.9,9.8,68,11.5,7.7,4.9,4.2,9.4,5,4.4,4.7,10.3,0.8,1.3,1.4,13.9,17.5,8.8,1.5,5.7,8.4,15,31.9,14.9,6.3,82,26.2,12.5,6.3,27.7,43.8,4.8,7,40.4,7.2,2.9,0.9,26.2,0.6,0.7,3.6,0.3,0.3,0.8,0.8,4.5,20.8,16.4,2,1.7,18,1,26.6,1.6,4.5,18.1,34.3,22.6,4.4,2.4,32.2,3.3,3.4,0.7,7.7,4.8,19.4,7.5,6.9,2.2,0.7,2.6,64.2,51.5,47.2,46,41.4,15.5,3.4,475,70,93,30,289,52,16,2,4,15,22,149,101,10,47,20,3,14,10,18,64,423,459,6:41,7:05,19:08,23:03,7:52,19:04
Male,R42000,長崎県,557,27.5,8,7.6,2.1,16.2,13.8,6.2,2.2,4.7,7.5,6.2,8.9,70.6,10,7.6,6.8,5.3,6.9,6.4,4.3,6.2,8,0.7,0.7,1.4,12.8,22.3,9.4,1.1,5.7,5.6,15,33,16.6,6.3,82.9,20.9,10.8,6.7,25.3,44.2,4.6,6.6,41.8,5.3,2.3,1.3,27.1,0.8,0.2,2.9,0.2,0.4,0.7,0.8,4.8,19.8,19.5,2.7,1,15.5,1.1,25.8,1.9,4.3,17.7,33.6,21,4.5,3,28.4,2.7,3.8,0.9,7.7,3.5,14.1,5.7,4.4,1.9,0.4,3.3,58.3,44.7,43.2,42.5,34.6,17.2,3.6,467,68,94,34,275,47,16,3,5,15,23,156,110,8,54,18,6,15,7,18,73,412,447,6:32,6:57,18:59,23:02,7:43,19:06
Male,R43000,熊本県,730,31.7,10.9,10.6,3.1,17,13,6.8,3,5.5,8.6,8,9.2,72,12.9,5.4,7.2,3.5,11.1,5.9,4.4,6.6,11,1.3,0.4,1.9,15.3,19.4,9.3,1.4,5.6,7.4,15.8,35.8,14,7,81.9,20.6,10.8,7.4,28.3,43,5.6,7.4,39.8,8.5,2,1.2,27,0.5,0.4,2.1,0.4,0.4,0.4,0.4,4.7,21.3,18.4,2.3,1.2,19.8,1,26.8,1.9,6.9,20.3,35.5,21.1,6.2,2.7,33.5,3.9,3.7,1,8.5,5.4,17.8,7,6.8,8.9,0.3,3,64.5,48.6,48.4,47.7,38.1,20.4,3.3,471,69,97,33,293,47,15,2,5,15,25,150,97,11,46,21,4,13,8,18,65,444,445,6:29,6:54,19:12,23:03,7:52,19:24
Male,R44000,大分県,482,31.2,7.9,7.2,2.1,16.5,11.8,7.3,2,4,7.8,8.1,7.9,72.8,13.8,6,6.8,5,9.5,7.6,4.8,6.2,15.3,1.1,0.8,1.6,15.2,18.2,9.8,2,6.5,6.3,16.6,37.5,17.6,7.1,85.6,23.8,14,6.8,31.4,48.7,5.2,7.6,40.5,6.7,1.9,0.6,28.7,0.8,0.3,2.8,0.1,0.3,0.6,0.8,4.7,20,19.1,2.6,1.5,17.9,1.7,28.5,1.9,6.8,18.4,36.3,25.3,6.5,3.3,30.5,4.8,3.9,1.1,7.1,5.8,16.8,7.1,4.6,1.8,0.4,3.4,68.9,53.4,53.5,52.4,44.1,22.5,4.1,473,70,92,29,277,46,22,2,4,16,25,153,100,9,50,19,6,18,8,19,59,411,457,6:33,6:58,19:09,23:08,8:17,19:00
Male,R45000,宮崎県,450,28.4,8,7.8,2.3,16.1,12.4,6.7,2.9,4.4,6.7,6.3,7.8,69.8,10.3,4.2,7.8,4.2,7.8,4.7,5.7,5.1,13.8,1,0.8,1.1,13.7,18.1,7,0.6,4.9,6.7,14.6,32.8,15,7.4,81.1,20.8,11.4,7,23,46.2,6.1,7.2,38.6,7.2,1.8,1.2,26.3,0.7,0.2,2.3,0.1,0.4,0.7,0.6,4.9,22,19.8,2,1.1,16.2,1.4,27.1,2.2,3.9,18.8,35.1,22.9,6,2.4,29.5,3.5,3.8,1.1,7.5,4.5,14.6,6,5.2,2,0.8,3,62.7,48.8,46,45.4,37.8,17.6,3.6,478,72,98,28,252,49,27,1,4,17,26,160,104,13,53,17,4,16,6,15,62,397,423,6:35,6:55,18:59,22:53,7:55,18:45
Male,R46000,鹿児島県,669,27.1,6.4,6.3,1.3,14.3,10.6,6.6,3.3,4.8,7.3,7.1,8.7,73.5,10.3,7.5,6.3,4.7,8.6,7,4.8,6.3,13,0.6,1.2,2.3,12.2,18.8,10.1,0.9,5.5,6.4,15,36.2,12.7,6.9,83.8,21,11,7.5,28.1,46,5.7,7.5,40.2,6.2,1.9,1.1,29.3,0.9,0.2,2.2,0.4,0.3,0.5,0.6,5.1,24.2,22.3,2.2,0.9,17.8,1.9,27,1.4,4.2,19.7,34.1,24.1,6.2,1.9,35,3.7,4.8,1.5,9.8,5.4,21.2,6.2,7.8,2,0.5,3,64.4,49,47.3,46.7,37.1,20.6,2.6,477,73,101,28,270,48,19,1,5,15,28,142,115,9,44,17,5,15,10,18,63,410,463,6:26,6:59,19:04,22:54,7:52,18:32
Male,R47000,沖縄県,603,33.5,12,11.7,2.3,18.4,13.3,9.1,2.4,5.2,9,6.1,8.6,74,17.1,3.8,7,9.4,10.9,6.3,4.8,5.4,12,1,1,2,23.6,18.3,10.4,0.2,2.7,5.4,18.5,35.6,19.9,5.8,83.6,24.2,11.3,8.9,33.9,50.9,6,7.1,46.8,10.6,5.3,1.3,38,0.5,0.5,2.5,0.2,0.1,0.8,0.5,5.5,18.2,22.1,1.9,1,15.8,1.7,28.4,2.6,4.4,6.7,33.5,21.2,8.4,2.4,25.8,4.3,3.1,1.3,9.1,5.3,10.1,3.3,3.7,1.1,0.4,3.2,48.1,31.7,33.9,32.5,25.8,13.1,4.3,469,71,96,35,280,52,17,1,10,14,24,154,96,11,42,22,3,18,6,20,64,424,428,6:42,7:09,19:28,23:18,8:30,19:19
Female,R00000,全国,58093,37.4,12.5,11.2,3.6,12.1,9.8,4.5,4.5,15.7,6.8,13.5,8.3,64.4,2.7,1.2,5,3.1,2.3,6,4.3,7.1,2.5,0.2,0.3,0.6,10.3,3.9,10.3,4.1,9.4,5.9,8.3,44.8,13.1,6.8,86.8,17.4,22.6,19.1,42.2,51.6,12.9,17.3,48.9,13,3.2,4.2,30.6,2.4,2.3,5.5,3.3,2.5,11.7,19.8,28.4,31.2,4.4,4.5,2.9,27.8,3,42.4,0.4,0.9,3.2,31.4,37.5,5.4,3.2,26.9,2.7,4.8,1.8,10.6,2.8,10.4,4.2,3.8,1.5,1,2.7,75.8,62.1,60.8,59.6,50.3,26.6,8.1,455,91,103,25,149,41,144,6,24,34,30,131,96,12,37,10,4,19,9,20,71,287,416,6:24,7:12,18:55,23:08,8:52,17:59
Female,R01000,北海道,2518,31.6,10.4,9.3,3.2,9.9,8.4,3.1,4.3,13.9,6.2,10.5,6.9,59.9,4.2,1.5,4.5,2.9,1.7,5.5,3.6,7.5,1.6,0.3,0.2,0.4,9.1,4.2,7.7,7.1,4.1,6.8,8.4,40.8,12.7,6.9,85.3,21.2,16.9,13.2,32.9,48.5,10.5,15.1,47.2,9.7,2.7,2.6,30.8,1.7,1.7,2.9,2,2.3,11.4,21.7,27.3,31.4,4.5,5.3,2.2,25.9,3,41.9,0.2,0.7,5.5,34.6,31.1,9.1,4,23,3.1,4.1,1.1,8,1.9,8.7,2.7,2.7,0.9,0.5,2.3,72.2,56.9,57.1,56.3,45.1,28.9,4.2,467,89,96,20,137,31,144,5,22,33,25,155,103,9,45,9,3,17,10,20,59,289,403,6:18,7:13,18:33,22:55,9:07,17:43
Female,R02000,青森県,611,24.6,6.4,6,1.5,7.6,6,2.9,3.3,9.5,4.7,7.5,5.8,50.7,1.9,1.6,3.8,3,1.5,3.9,1.9,6.2,1.4,0.1,0.3,0.2,7.5,4.6,6,2.9,4.5,3.6,6.7,35.5,9.2,3.5,78.9,12.9,15.1,12,28,47.2,8.6,12.2,41.7,9,2.3,1.8,22,2.1,1.5,3.4,2.2,1.5,9.5,18,22.9,30,2,1.7,1.3,17.6,2.3,32.8,0.4,0.8,3.2,26.5,24.3,4.3,2.9,22.3,2.4,3.1,1.4,8.7,2,9.5,3,3.4,0.6,0.3,1.7,61.7,52,42.8,42.4,35,16.2,2.2,472,92,101,20,173,37,137,4,16,32,22,147,93,6,35,7,3,15,9,19,56,335,422,6:11,7:09,18:42,22:33,8:29,17:51
Female,R03000,岩手県,587,30.2,7.1,6.2,2.2,9.1,6.5,3.6,4.5,14.6,5.5,10.1,7.2,56.4,2.9,2.1,5,3.4,1.9,5,3.1,6.2,1.2,0.3,0.7,1,7.9,4,7,3.2,5.8,3.6,6.6,37.5,11.3,4.8,83.2,17.1,13,16.6,26.1,41.4,9.6,13.8,41.7,10,2.6,3.2,23.7,3.8,1.7,4,2.7,2,12,21.6,24.9,34.5,3.6,3.7,2.6,20.1,3.1,38.3,0.1,0.6,3.4,25.1,26.4,3.2,2.7,31,3.1,6.2,1.9,9.6,3.4,15.8,4.7,6.1,2.3,0.7,2.1,68.6,57.8,47.2,46.9,37.9,21.6,1.9,471,94,102,21,169,38,137,5,17,30,27,130,93,12,36,8,5,17,7,23,61,336,461,6:11,7:05,18:47,22:42,8:37,17:55
Female,R04000,宮城県,1068,37.6,11.3,10.3,2.7,10.7,8.9,4.1,4.8,16.3,6.8,12.2,8.9,61.2,2.9,1.1,6,2.8,2.2,6.1,2.4,8.5,1.9,0.2,0.5,0.5,8.6,3.4,9.4,2.7,5.9,4.4,7.4,43.6,12.9,5.5,85.6,22.5,20.7,17.8,42.2,51.7,12.2,16.9,49.7,12.7,4.6,3.8,29.7,2.7,2.4,3.5,2.7,1.6,12.5,21.5,29.1,32.6,5.2,4,3.8,28,2.8,43.5,0.3,0.7,3.6,30.9,39.8,4.6,2.9,28.9,2.3,5.2,2.1,10.9,3.4,13,7.1,4.7,2.3,0.8,2,75.1,61.2,60.7,59.9,50,27.9,4.6,463,86,103,22,144,41,148,6,24,35,32,131,99,9,32,9,4,19,9,25,62,300,414,6:17,7:13,18:50,22:52,8:37,17:52
Female,R05000,秋田県,479,28,7.4,6.5,2.5,7.7,6.2,3.3,4.6,12.2,5.1,10,7.1,56,2.4,0.8,5.6,3.2,1.7,4.6,2.4,5.8,1.9,0.5,0.2,1,5.8,2.7,5.5,4.2,5.9,2.8,7.1,38.5,10.2,4.2,78.7,18.2,15.2,14.9,27.6,41.2,9.2,12.7,37.8,9.6,3.1,2.9,20.8,3.5,1.6,3.8,2.6,2.4,11,18.3,25.8,32.7,3.2,2.4,1.3,18.5,2.1,33.9,0.2,0.7,2.5,24.4,28.5,2.9,2.7,24.2,2.5,4.6,1.3,8.5,2.8,10.8,3.1,3.3,0.7,0.4,2.9,69.8,59.6,49.7,49.3,41,18.5,2.1,477,89,106,18,153,32,146,5,16,30,25,139,103,9,36,8,3,16,9,19,54,315,404,6:14,7:09,18:38,22:31,8:14,17:32
Female,R06000,山形県,513,31.6,7.2,6.5,2,9.2,7.7,3,5,14.9,5.5,11.5,7.6,55.3,2.5,1,4.9,3.8,2.1,5.4,2,6.3,1.3,0.3,0.4,0.5,8.4,4.6,7.5,4.9,7.5,4,7.1,36.3,11.4,5.2,82.7,16.3,18,15.8,38.7,43.1,10.1,15.9,39.8,9.7,2.5,3.2,27.5,2.9,1.6,5.3,3.8,2.4,10.9,20.1,26.6,33.5,3,3.5,2.9,21.4,3,36.4,0.1,0.9,3.2,26.8,32.7,4.3,3.3,29.7,2.8,6.7,1.8,10.5,3,14.3,4.6,4.4,1.3,0.5,2.1,73.9,61.3,55.7,55,47.4,18.8,4.5,471,88,100,21,177,36,134,4,19,31,25,135,95,9,32,10,3,18,9,23,56,329,425,6:18,7:12,18:48,22:44,8:51,18:06
Female,R07000,福島県,860,28.9,6.5,6,1.3,8.1,5.9,3.6,4.9,13.2,4.6,8.9,6.2,59.4,2.6,1.8,6.8,2.8,1.3,5.6,2.8,7.1,1.8,0.3,0.4,0.5,8.1,2.3,7.1,3.2,8.8,4.9,8.1,40.1,11.9,3.6,83.3,13.4,18.5,13.1,30.7,44.6,10.2,14.9,42,8.8,3.2,3.6,25.6,1.9,1.6,4.4,2.1,0.9,9.9,19.3,24.5,34.7,4.6,2.9,2.4,22,2.9,37.7,0.2,0.7,2.7,27.2,28,3.9,2,27.3,2.6,4.6,1.3,9.9,2.8,12.7,4.5,3.6,1.2,0.3,2.3,73,62.5,55.4,54.8,48.3,19.1,3.2,464,84,103,22,175,36,128,3,20,30,27,144,104,9,31,10,3,16,9,21,59,329,439,6:13,7:03,18:46,22:41,8:42,17:44
Female,R08000,茨城県,1303,33.7,10.1,9.4,2.7,10.9,9,3.3,4.1,15.9,5.9,10.5,6.4,63.9,2.1,0.9,4.3,3.3,1.7,5.5,4.5,7.2,3.1,0.3,0.4,0.6,10,3,9.2,3.5,10.3,6.4,8.5,46.4,13.6,5.1,87.3,16.2,19.1,15.8,43.4,50.2,10.9,17.3,48.5,10.3,2.3,2.6,29.9,1.2,1.8,6,3,2,10.2,18.6,25.4,36,5.4,3.4,2.7,26.6,2.9,39.4,0.2,0.8,3.2,30.9,39.7,3.9,2.8,25.9,2.3,4.1,1.7,11,2.7,10.4,3.1,4.2,1.4,1,2.4,75.9,64.9,55.4,54.5,47.2,19.8,6.2,450,95,102,26,149,41,149,5,21,36,33,133,97,11,35,10,3,17,9,18,75,279,448,6:15,7:03,18:55,23:05,8:48,18:10
Female,R09000,栃木県,883,32.9,10.9,10,2.6,9.2,7.8,2.8,4.1,14.5,5.7,12.1,7.4,65.1,2.7,1.1,4.5,2.4,2.2,7,3.8,8.5,2.9,0.4,0.4,0.7,10.4,2.6,8.1,3.9,10.2,5.8,8.2,46.3,12.9,6.9,84,14.4,17.4,14,41.7,49,11.7,14.5,45.7,12.8,2.7,3.7,29,2.1,1.9,4.7,2.7,2.2,11,18.2,27.4,34.9,3.7,4.5,2.6,25.9,3.6,40,0.5,1,3.5,30.2,37.2,3.9,2.6,27.3,2.7,5,1.9,11.5,2.7,11.8,3.8,5.1,0.7,0.6,1.8,75.9,65.5,54.2,53.1,46.5,17.7,5.6,457,91,106,21,142,43,146,4,24,36,31,132,101,12,35,11,4,14,10,20,62,280,463,6:14,7:02,18:56,22:52,8:41,17:49
Female,R10000,群馬県,886,35.1,10.3,9.3,2.5,10.8,9,3.2,4.2,15,6,11.2,7.3,64.5,2.2,1.2,4.4,2.6,1.8,6.6,3,7.4,3.1,0.2,0.2,1.2,8.4,4.1,8.7,4.8,10.9,5.3,8.2,46,12.1,6,87,14.8,19.4,16.9,40.6,49.4,10.7,15.3,45.9,12.6,3.2,3.9,29.4,2.4,2.3,5.5,3.7,2.1,12.9,19.7,25.4,35.8,3.9,4.4,3.1,24.8,3.2,39.8,0.2,0.8,3.5,29.6,37,4,2.8,29.3,2.5,5.7,1.4,11,3.1,12.5,5.3,4.7,0.6,0.5,2.6,77.3,68.7,55.1,54.1,48.2,15.8,4.7,457,92,105,24,154,44,144,5,22,33,27,133,91,10,35,12,4,19,8,19,64,296,457,6:20,7:06,18:54,22:58,8:50,18:19
Female,R11000,埼玉県,3275,37.5,13.4,11.7,4.2,12.4,9.3,5.1,4.3,14.9,7,12.6,7.9,68.9,2.1,1.3,3.8,3.5,2.5,6.8,4.7,8.1,2.2,0.2,0.3,0.5,9.6,3.4,11.6,5.2,12.6,6.2,8.6,48.6,13.1,8.1,89.5,14.8,21.2,20.5,47.9,55.3,14.6,19.8,52.8,13.8,2.9,4.5,32.2,2,2.1,6.5,2.8,1.8,12.3,20.7,28.8,32.7,4.2,4.3,2.7,32.1,3,45.3,0.3,1.1,2.8,33,44.2,5.1,3.4,26.6,2.5,3.9,1.6,11.8,2.8,8,3.9,3.8,0.8,1.7,2.8,80.9,65.6,68.5,67.3,57.8,30.9,9.7,448,93,105,29,135,45,151,5,26,36,34,131,91,13,36,11,3,18,9,20,82,264,419,6:19,7:08,19:04,23:15,8:54,17:57
Female,R12000,千葉県,2819,40.6,14.4,13.4,3.4,13.5,11.2,4.9,4,16.6,7.8,14.9,8.9,67.5,3,1.2,4.1,3.6,3.7,6.7,4.9,7.2,3.3,0.3,0.3,0.6,10.9,3.7,11.3,4.7,10.9,6.4,9.9,48,13.6,8.2,90.6,17.9,24.7,21.3,48.4,58,13.8,19.4,52.9,14.2,2.6,4.3,33.1,2.3,2.5,5.4,2.7,2.3,12.1,21.5,28.9,34.9,4.8,5,3,32.3,2.7,46.8,0.5,1,2.7,34.3,42.3,4.7,3.8,26.2,2.6,4.2,1.5,10.6,2.6,9.1,3.7,4.1,1,0.7,2.3,78.9,64.4,65.6,64.5,54.3,29.7,10.5,451,91,104,30,137,39,154,4,25,36,33,125,95,15,38,11,4,18,9,21,87,272,399,6:21,7:07,19:00,23:12,8:27,18:10
Female,R13000,東京都,6253,46.7,19.7,17.9,5.6,16.9,13.2,6.9,4.6,17.5,9.7,19.5,9.6,73,2.5,1,3.8,3.2,2.4,7,6.3,7.3,3.8,0.2,0.3,0.3,11,4,15.4,7.6,15.4,9.9,10.9,51.8,14.8,8.7,90.5,19,36,29.8,52.5,61,18.5,21.8,57.6,16.2,4.1,6.1,36.2,2.7,2.9,5.8,3.2,3,13.2,20.6,31.2,26.4,4.6,6,4,33.9,3.5,53.1,0.6,1,1.7,34.6,45.3,5.5,3.6,24.2,2.9,4.6,2.2,10.3,3.1,5.3,3.8,2.3,2.3,1.2,3,81.1,64.4,71.7,70,59.1,37.6,16.4,453,94,107,32,156,39,134,7,26,34,32,111,96,15,40,11,4,23,8,17,85,276,361,6:39,7:23,19:06,23:24,9:02,18:27
Female,R14000,神奈川県,4105,43.9,18.4,16.1,6.1,14.3,11.8,5,4.9,17.3,7.6,17.8,9.3,68,3.9,0.7,4.5,3.6,3.6,7.2,5.6,7.7,3,0.2,0.4,0.2,10.1,3.6,14.5,4.8,12.9,6.6,9.1,48.6,15.4,6.8,90,20.6,28.4,23,51.2,58.6,18.1,21.7,56.7,17.4,3.9,7,33.3,2.9,3.4,6.2,3.6,2.1,14.3,21.7,33.3,31,5.1,5.7,3.7,34.3,4.3,45.2,0.8,0.9,2.4,34.3,44.2,7.5,3.7,29.9,3.5,4.7,2.7,14,2.8,9.4,4.9,3.3,1.8,1.3,2.4,80.7,65.2,68.3,66.9,56.2,32.9,12,449,95,102,32,134,41,144,5,34,34,35,121,93,14,39,10,5,21,11,19,94,273,397,6:20,7:16,18:57,23:20,8:39,18:10
Female,R15000,新潟県,1051,29.1,6.7,6.1,1.4,8.1,5.8,3.5,3.4,12.4,5.1,9.6,7.8,58.7,2,0.6,4.2,2.5,1.3,4.2,2.2,7.5,1.5,0.1,0.4,0.3,9.9,2.7,8.4,5.8,8.6,4.3,7,39.3,13.3,6.1,82.4,13.9,21.4,13.4,34.9,44.9,10.2,15.3,43.2,9.8,2.7,2.4,25.5,2.4,1.3,4.8,3.2,2.8,10.7,18,25.4,32.2,3,2.7,2.5,20.5,1.9,36.9,0.3,0.5,2.3,26.2,30.1,3.7,2.8,21.8,2.1,3.3,1.1,8,1.5,10.1,3.6,2.3,0.8,0.4,2,74.1,59.9,59.3,58.7,52.8,17.9,3.5,461,90,100,23,173,36,138,5,15,30,26,144,102,7,31,9,2,19,8,19,62,311,478,6:16,7:05,18:51,22:45,8:30,17:43
Female,R16000,富山県,488,35.9,9.2,7.9,2.6,11.1,8.7,4.2,4.8,16.5,6.4,12.9,7.8,62.8,3.1,1.4,3.9,2.5,1.6,7,3.8,7,2.4,0.3,0.4,0.6,12.6,3.2,7.8,6.6,9.7,5.2,9.2,44.2,10.7,6.9,86.1,15.2,28.4,17.8,43.7,47.9,11.8,16.3,45.4,13.1,2.7,3.6,26.5,2.9,1.6,4.9,4.6,4.7,10.4,19.5,25.8,34.1,3.8,3.9,2.6,25.4,2.7,41.5,0.4,0.8,2.5,28.4,35.8,3.3,3.4,31.6,2.2,7,1.1,10.2,3.7,15.1,6.2,5.9,1.1,0.8,2.5,77.9,65.6,62.3,61.5,55.6,18.9,5.2,455,86,100,23,173,42,142,4,19,32,26,133,97,11,36,10,4,18,9,20,57,315,478,6:11,7:02,18:49,22:54,8:38,17:35
Female,R17000,石川県,522,34.1,9.2,8.5,2.4,10.5,8,4.9,4.8,13.1,7,12,7.9,64,2.6,1.4,4.7,3.3,2.7,6.9,3.4,8.3,2,0.6,0.5,0.7,12.2,3.6,10,4.8,6.1,5.3,8.5,44.4,15.6,5.7,87.7,17.1,26.8,19.1,41.5,48.4,13.1,16.8,45.8,11.1,3.5,2,29.5,2.9,1.7,5.1,4.8,4.9,10.9,18.5,28.3,33.6,3.9,3,2.4,24.6,3.6,38,0.3,1.2,4.3,30.4,36.1,4.2,3.2,30.6,3,5.1,1.7,12.3,2.9,14.2,5.5,5.3,1.2,0.3,3,76.9,60.4,63.3,61,52.7,25.5,6.4,454,87,100,22,162,42,147,6,25,34,30,130,95,11,37,10,4,18,10,17,59,294,429,6:14,7:11,19:00,22:59,9:04,17:37
Female,R18000,福井県,356,35.2,9.2,8.3,2.5,11.2,9.3,4.3,5.2,15.7,5.5,11.7,7.7,60.2,2.4,1.3,6.8,2.7,1.3,7,2.9,7.7,2.3,0.3,0.5,1.1,8.6,4,8.9,4.4,8.4,4.9,9.1,36.7,13.5,8,84.4,12.7,21,14.1,40.8,47.2,12.3,16,43.9,11.2,2.8,2.7,28.7,3.5,1.1,6.1,5.1,3.7,10.1,18.3,29.8,31,3.6,3.1,2.4,21.5,2.8,36.3,0.4,1.4,4.2,28.4,33.9,3.9,2.5,30.9,3.1,6.4,1.7,10.9,2.9,15.9,5.1,4.7,1.6,0.9,2.1,76.8,65.3,57.4,56.4,49.8,16.9,5.5,459,94,101,22,173,41,144,8,22,30,26,116,95,12,36,11,5,18,6,21,56,304,421,6:15,7:01,18:50,22:56,8:57,18:03
Female,R19000,山梨県,379,36.1,10.7,9.8,3.1,11.6,9.4,4.1,4.4,14.8,7.3,12.8,8.9,63.7,3,1,4.7,3.4,2,4.9,3.5,8.3,2.3,0.5,0.6,1.2,9.3,3.4,8.8,3.7,9.5,4,7.2,42.8,12,6.9,84.8,15.7,20.6,16,37.9,49.3,12.1,15.4,42.6,10.3,3.2,3.4,30.9,3,1.7,8.3,3.3,2.3,11.1,18.1,27.4,32.8,4.1,4.8,3.1,24.5,3.7,38.7,0.5,0.9,3.4,29.6,34.6,4,2.9,27.8,3.3,5.4,2.2,9.7,3.6,10.8,4.9,6.1,2.1,1,2.3,78.1,67.5,57.6,56.7,49,18.7,7.3,458,83,106,21,164,41,154,7,22,30,29,126,95,9,37,11,3,17,10,18,58,294,446,6:26,7:10,18:49,23:01,8:52,17:32
Female,R20000,長野県,952,35.4,8.6,7.9,2,11.2,8.6,4,5.8,14.5,6.7,13.2,7.3,63.4,2,1.2,6.6,2.5,1.5,4.3,3.3,7.1,2.5,0,0.4,1.2,10.1,3.1,9.3,7,9.5,3.5,7.6,42.9,12.7,7.4,85.1,14.9,21.6,16.7,34.2,48.5,16.3,18.3,43.8,13.1,2.5,5.1,28.3,2.7,2.3,5,4.7,2.2,10.4,20.3,30.5,34.8,4,4.3,2.9,22.4,3.5,41.4,0.1,0.9,3.3,29.7,29.8,4.5,2.9,30.8,2.9,7.2,2.3,10.8,3.8,13.6,6.8,5.5,1.7,0.8,2.9,75.8,63.3,58.5,58.1,48.7,22.2,4.4,463,89,106,21,174,37,146,7,19,27,30,127,90,10,34,11,4,16,7,23,56,311,433,6:21,7:04,18:53,22:56,9:04,18:00
Female,R21000,岐阜県,931,34.7,11,10.1,3.4,11.1,9.2,3.6,4.9,14.1,6.6,13.1,7.8,61.9,2.9,1.5,5.5,3,1.6,5.2,3.8,6.7,2.6,0.1,0.4,1,10.2,3.6,8.3,3.5,9.2,4.6,6.7,40.7,11.8,5.3,85,13.2,15.3,15.7,41.6,46.8,10.3,14.3,44.6,12.8,3,3.2,27.8,2.4,1.9,5.8,3.8,2.8,11,19.1,29.2,32.7,3.1,4,3.3,24.8,2.4,37.1,0.5,0.6,3.7,29.7,34,4.5,3.6,33.7,2.8,6.1,1.8,12.4,3.4,17.2,5.2,5.9,1.7,1.3,3.2,76.6,65.5,58.4,57.3,49.8,20.4,7.3,454,87,98,24,155,45,150,7,24,33,28,131,98,10,33,10,4,19,9,20,64,292,423,6:09,7:02,18:44,22:55,8:39,17:31
Female,R22000,静岡県,1670,34.7,10.4,9.3,2.4,10.1,7.7,4,4.1,13.3,5.4,12.6,7.7,64.1,2.2,1,4.2,2.5,2.1,5.4,4.5,6,2.1,0.2,0.1,0.5,9.9,3.7,9.6,2.8,7.8,4.8,6.7,44.1,12.2,7,86,14.1,20.1,15.7,36.9,47,10.5,16.6,43.2,12.3,3,4,27,2.5,2.2,5.5,3.4,2.8,11.5,19.3,25.6,32.6,4.3,4.6,2.7,24.3,3.2,41.3,0.4,1,3.8,30.5,36.9,4.2,3.6,28,1.7,5.3,1.5,11.6,2.6,9.6,6.3,4.1,1.3,1,2.1,75.8,63.2,55.3,54,47.3,18.6,5.5,452,91,100,22,148,44,149,5,27,32,29,138,93,13,38,11,6,16,10,17,61,286,472,6:11,7:01,18:39,23:00,8:59,17:41
Female,R23000,愛知県,3335,36.8,12.8,11.1,3.8,11.4,8.9,4.9,3.4,16,6.3,13.1,7.8,66.9,3.2,1.7,5.3,3.8,2.5,8,4.6,8.1,3.3,0.1,0.4,0.6,14.2,4.5,12,4.5,8.4,6.1,9,46.1,14.3,7.1,88.2,18.1,22,20.3,44.7,54.5,12.6,17.5,50.1,14.8,3.9,3.9,31.1,2.5,2.1,6.2,3.2,3.1,12,18.7,29.3,30.8,4.1,4.7,3.5,30.3,2.8,42.2,0.3,1.2,3.8,34.6,43.2,7.4,2.8,26.3,2,3.6,1.2,10.9,2.5,11.5,4.9,4.1,1.3,1.5,2.4,80.8,69.4,66.6,65.4,57.2,26.3,8.3,451,86,102,25,141,44,143,5,32,35,32,129,101,13,40,10,3,21,8,19,71,278,424,6:22,7:10,18:53,23:11,9:02,17:38
Female,R24000,三重県,826,34.3,10.5,9.4,2.6,10.9,8.6,4,4.2,13.7,5.3,12.1,6.5,61.7,2.3,1.6,5.3,2.8,1.9,6.1,5.1,6.6,2.5,0.3,0.1,0.6,11.3,3,8.9,2.6,6.9,3.7,7.2,40.3,12.1,6.6,85.9,14.4,16.8,16.2,40.6,49.5,10.3,16.7,46.1,12.1,3.8,3.7,27.8,1.9,1.5,6.6,4.1,3.1,11.5,20.7,28.5,32.3,4,3.3,2.3,25.5,3.1,37.6,0.5,0.7,3.8,30.8,36.8,4.4,3,28.2,1.9,4.8,2.4,10,3.4,14.4,5.4,4.3,1.2,0.7,2.6,76,65.5,59.3,57.7,50.9,21,7.1,452,91,98,24,151,36,160,5,22,33,31,133,95,13,36,13,4,15,7,21,65,282,396,6:20,7:08,18:43,23:06,8:39,17:18
Female,R25000,滋賀県,635,39.2,11.4,10.3,3.1,12.8,10.1,4.8,4.8,17.5,7.6,14.8,8.9,66.5,3.7,1.4,6.5,2.9,2.4,6.3,4.8,10.8,2.4,0.3,0.1,1.3,12.3,4.3,12.3,4.8,9.5,6.9,7.8,45.7,13.6,7.7,88.5,15.8,20.9,17.2,42.8,52.4,12,17.9,51.5,16.1,2,4.3,30.5,1.4,1.9,5.9,4.2,2,12.7,21.5,33.8,35.3,5.9,4.3,2.4,30.7,2.9,42,0.2,1.8,3.2,32.8,40.5,5,2.9,31.8,2.7,5.9,2.8,13.9,3.9,16.2,7.9,5.7,1.2,0.7,3.4,79.1,67.2,63.5,62.8,55.3,26.3,8.2,459,93,101,25,152,38,146,4,26,33,28,118,101,12,40,14,6,15,8,21,67,297,363,6:28,7:15,18:59,23:07,8:43,17:56
Female,R26000,京都府,1221,41,14.7,13.4,4.4,13.4,10.6,4.5,4.6,15.8,8.4,17.4,8.9,66.4,3,1.9,5.4,2.8,2.4,6.5,4.8,8,2.2,0.4,0.2,0.8,11.9,4.7,9.5,3.3,11,7,8.1,45,13.7,7.3,89.1,16,28,22,43.7,51.8,12.4,18.4,51.5,14.6,3.3,5.8,28.2,2.1,2.3,7.2,4.7,3.4,11.4,22.3,27.5,30.9,3.3,4.6,3.8,28.3,3.9,45.3,0.2,1.1,2.7,31.7,43.9,5.8,4.4,26.2,2.6,5.2,2.1,9.9,2.9,8.7,3.9,3.4,0.9,1.1,2.9,76.3,61.7,62.3,60.6,51.4,25.6,9,454,96,104,27,152,46,138,4,27,35,28,120,92,16,39,11,4,20,9,18,74,287,429,6:41,7:20,18:57,23:22,9:17,18:13
Female,R27000,大阪府,4110,38,13.2,12.2,3.6,13.4,11.2,4.7,4.3,17.5,7.1,12.9,8.9,62.2,2.7,1,4.3,3.5,2.4,5.8,4.4,5.9,2.6,0.2,0.3,0.4,11.3,4.1,9.6,3.7,11,6.1,8.5,42,12.4,6.6,87,16.3,21.4,21.4,46.1,53.6,11.5,17.7,49.9,12.1,3.2,4,33.2,2.2,2.6,5.4,2.7,2.9,11.1,18.5,26.2,24.5,4.1,4,2.7,27.7,2.3,42.8,0.4,0.9,3.8,34.3,38.8,6.3,3.2,22.6,2.4,3.7,1.3,8.7,2.1,8.2,2.9,2.7,1,1.4,3,73.8,59,61.7,60.3,49.5,28.4,9.6,451,92,103,28,143,41,141,5,23,35,29,138,89,14,41,9,6,21,8,23,79,282,400,6:36,7:20,19:02,23:25,9:04,18:11
Female,R28000,兵庫県,2583,40.1,13.1,11.9,3.9,13.4,11.4,4.1,4.8,16.5,7.5,15,9.6,64.2,2.7,1.1,5.1,2.7,3,6.2,4.1,6.1,2.9,0.3,0.3,0.7,9.4,5.2,10.8,3.6,10.8,5.4,7.6,45.2,13.1,7.7,87.2,17.2,21.4,20.5,41.5,50.1,13.7,19.1,48.3,14.8,3,5.3,30,2.1,2.9,5.8,3.6,2.5,12.8,21.7,29.7,29.4,5.3,5,2.9,28.9,2.7,41.6,0.1,0.7,3.1,31.2,39,7.2,3.4,27,3.4,5.9,1.9,10.4,2.5,10,4.2,4.3,1.6,1.4,3.3,75.6,63.1,61.1,59.7,50.1,28,9.9,449,93,104,25,141,41,146,6,25,37,30,129,97,15,38,10,5,19,10,19,73,277,396,6:27,7:09,18:59,23:14,9:01,18:09
Female,R29000,奈良県,642,38.9,13.6,12.4,4.2,13.9,12.4,3.7,4.8,16.4,8,14.8,10.7,64.9,2.8,1.1,4.8,2.7,2.2,5.1,5.4,8.3,2.6,0.2,0.3,0.5,9.2,3.2,11.2,3.1,12.9,5.5,6.7,45.7,12.8,6.3,86.6,15.6,24.7,20.4,43.5,53.9,14,18.1,48.5,13,3,5,30.7,1.8,2.2,6.5,4.8,4,12.8,21.2,30.9,35.7,4.8,6.2,3.8,28.9,3.6,45.5,0.4,0.8,2.1,30.2,39.7,5.4,3.3,27.1,2.5,5.1,2,9.6,3.1,11.4,3.9,4,1,1.4,3.6,77.1,64.9,61.8,60.7,52.2,27.1,9.1,448,95,105,26,127,37,161,5,25,36,31,129,103,14,37,10,5,17,9,21,79,283,368,6:29,7:20,18:55,23:21,9:02,18:08
Female,R30000,和歌山県,450,34,9.1,8,2.7,8.3,6.2,3.5,5.9,12.8,5.3,11.9,8.8,58.7,1.5,1.2,5,1.7,0.9,4.3,4.2,5.3,1.9,0.5,0.2,0.5,7.4,3.2,7.5,1.2,4.4,3.5,6.7,41.5,10.3,5.9,83.2,12.7,15.2,14.9,39.5,45.2,9.7,15.5,42.2,10.8,1.9,4.3,29.1,2.5,1.7,5.8,3.2,1.4,10.6,17,24.5,32.1,5,4,2.4,23.1,2.9,32.9,0.3,0.8,3.5,27.9,32.9,4.2,2.9,24.4,2.3,4.9,1.2,8.3,2.4,9.6,3.5,2.7,0.6,0.4,4.5,69.3,57.7,51.3,50.3,43.2,17.1,4.7,458,90,100,19,150,32,144,8,18,33,29,139,104,10,41,10,3,19,8,25,58,282,363,6:26,7:07,18:43,23:02,9:03,17:47
Female,R31000,鳥取県,261,31.4,8.4,7.6,2.1,8.8,6.9,3.2,4.8,13.5,5.9,10.8,6.6,59.6,2.4,1.2,5.6,2.8,1.3,5.1,2.5,6.7,1.6,0.2,0.6,1.4,8.8,4.3,7.9,2.8,5.8,4,5.9,38.4,12,6.1,82.7,13.1,18.6,14.2,28,42.9,10.7,12.7,41.8,11,3,3.4,23.4,2.2,0.9,4,4.3,4,11.6,18.9,25.1,31.5,4.6,4,3.1,19.9,2.2,38.7,0.6,0.9,3.8,26.2,28.4,3.5,2.2,30.7,2.7,6.2,1.4,10.7,3.1,16.1,5.4,5,0.6,0.8,3.1,71.4,59.8,50.5,49.9,40,21.2,3.3,459,90,96,20,166,36,142,5,24,29,23,149,97,11,30,8,4,15,7,29,55,303,425,6:18,7:05,18:54,22:55,8:52,17:59
Female,R32000,島根県,315,31.5,7.3,6.9,2.2,9.6,7.8,3.6,5.4,13.7,5,11,8,56.1,1.7,0.5,6.2,3.5,1.7,4.1,3.5,6.5,1.1,0.2,0.3,1.2,8.2,4.2,5.8,2,5.6,2.6,5.9,36.8,10.8,6,82.2,15.7,19,14,28,42,9.7,12,39.7,11.5,2.6,3.7,22.9,2,1.8,4.8,4.3,3,10.2,18.4,26,34.1,3.7,3,2.9,20.3,2.7,38.2,0.1,0.8,2.4,23.1,26.5,3.6,2.2,29,2.7,6.1,1.7,10.4,3.2,11.4,4.1,3.3,0.9,0.6,3,68.6,54.5,49.3,48.8,39.3,21.4,2.9,465,95,101,18,166,38,147,7,20,30,24,128,102,11,28,8,4,18,9,20,52,305,459,6:18,7:08,18:55,22:50,8:44,17:51
Female,R33000,岡山県,879,38.8,9.9,8.5,2.7,12.7,10.3,4.1,5.5,16.9,6.6,11.9,10.7,62.5,2.3,1.4,4.4,2,2.6,4.7,3.6,6.7,1.4,0.3,0.2,0.4,9.9,4,7.5,3.3,6.1,5,6.7,41,12.3,7.9,86.7,13.8,19.1,15.7,38.7,48.4,8.8,13.5,43.8,11.9,2.3,3.2,28.1,2.4,1.5,6.8,4.2,3.3,10.8,20.3,28.2,34.7,2.9,3.7,2.3,25.5,3.5,42.5,0.3,1.2,2.6,29.9,30.5,4.2,3.1,29.5,3.5,6.6,1.6,10.7,3,13.9,4.4,5.1,1,1,2.5,75.3,61.8,54.1,53.2,43.7,23,5.7,455,98,99,23,148,44,147,6,19,34,28,129,101,11,35,9,4,18,9,25,66,288,437,6:23,7:06,18:48,23:01,8:47,17:44
Female,R34000,広島県,1292,35.8,9.9,8.8,2.6,10.7,8.9,3.6,4,17,5.1,12.2,7.8,60.7,2.3,0.9,5.3,2.1,1.9,5.5,4.1,6.8,2,0.2,0.4,0.6,9.9,4.6,8,2,5.5,5.2,6.4,41.6,12.3,6.6,86.2,29.3,23.4,16.5,37.6,48.4,11.9,16,47.3,12.8,2.9,3.7,28.2,2.7,1.8,5.1,3,3,10,20.6,28.8,30.5,3.5,3.3,2.9,26.9,3,42.7,0.6,0.8,2.4,30.7,32.5,4,3.3,25.5,2.7,4.7,1.7,10.6,2.4,10.9,3.3,3.3,1.1,0.5,2.6,71.8,60.2,55.9,55,44.5,29.4,4.4,455,93,104,23,142,48,147,5,27,33,30,138,93,11,35,10,4,14,9,19,67,281,475,6:25,7:10,18:58,23:07,9:02,18:04
Female,R35000,山口県,646,33.1,9.3,8,3.2,10.3,8.6,4.4,5,16.6,5.4,12.7,7.1,60.3,2.6,0.9,6.6,3.3,2,5.6,3.6,7.1,1.6,0.5,0.4,0.2,10.6,4.8,7.1,1.9,6.2,4.3,8.3,43.2,11.6,5.2,84.5,16.6,21.3,14,36.1,44.3,10.9,15.1,43.8,13,2.5,3,27.2,2.2,2.5,5.1,4.8,2.8,11.5,20.7,26.5,35.7,4.8,3.1,2.3,25.1,2.4,39.1,0.4,1,3.4,28.2,34.5,3.7,2.6,28.3,2.6,5,1.4,10.1,2.3,14.2,2.7,3.8,1.5,0.8,2.8,70.6,61.5,52.6,51.7,44.2,23.2,5,453,92,99,18,141,36,154,7,19,37,29,150,96,11,34,9,4,19,10,22,55,277,452,6:21,7:04,18:44,23:08,8:39,17:11
Female,R36000,徳島県,347,34.2,9.2,8.6,1.8,10.5,8.7,3.6,3.5,14.6,5.6,11.7,7.6,61,3.1,0.8,5.3,2.9,2.4,5.1,4,6.8,1.4,0.1,0.3,0.3,9.8,2.8,7.6,1.8,4.7,4.6,7.1,45.5,11.3,5.1,81.1,15.7,15.6,13.4,32.9,43.5,9.9,12.1,41.8,11.1,1.8,2.9,27.1,3.9,1.2,5.9,3.3,2.1,9.3,16.2,29.1,35,4.4,4.4,1.8,24.4,4.1,37.1,0.2,1.3,3,27.5,29.6,4.3,2.5,26.2,2.7,4.9,1.8,9.3,3,12,4.4,4.2,1.7,0.5,2.8,70.7,56.6,50.7,50,42.6,19,4.5,452,97,102,19,151,39,141,6,22,34,29,146,94,12,37,11,4,17,9,17,57,293,429,6:24,7:13,18:48,23:02,8:42,17:33
Female,R37000,香川県,443,35.1,9.2,8.1,2.4,10.6,8,4.6,4.2,14.9,6.1,12.3,8.7,61,2.3,1.2,5.4,2.7,2.4,5.9,3.5,7.2,1.4,0.1,0.5,0.4,8.1,3.7,9.2,1.7,6.9,5.2,6.6,44.4,13.8,6,85.2,14.6,19.9,15.9,35.3,46.7,10.7,15.8,43.8,11.8,2.5,3.7,26.3,2.8,2.2,5.3,4,3.2,9.9,17.9,26.2,35.7,4.7,3.2,1.9,25,2.8,38.5,0.3,0.8,3.2,27.8,31,3.9,3,29.2,2.6,5,1.6,10.9,3.3,13.2,4.3,3.9,1,0.5,3.3,69.8,57.6,51.7,51.2,41.8,21.7,4,455,94,101,20,151,44,148,7,18,33,29,147,91,10,33,10,4,17,7,19,55,293,469,6:18,7:07,18:47,23:07,9:08,18:09
Female,R38000,愛媛県,642,33.5,10.2,9.1,2.5,12.1,9.6,4.4,5.7,15.6,6.3,11.5,6.3,61.9,1.7,1.5,8.2,3.5,2.1,5.3,3.8,5.7,1.3,0.3,0.6,1,7.9,3.6,8.8,1.8,4.6,4.5,7.2,43.6,12.6,3.9,82.8,15.2,18.2,12.8,34.7,45.4,9.6,12.8,43.5,10.1,2.2,2.5,26.3,2.1,1.6,5.7,3.8,2.7,10.6,17.4,24.8,35.4,4.3,3.5,1.8,22.8,3.7,36.8,0.2,1.3,3.5,28.6,26.2,3.8,2.1,28,3.6,5.5,2.3,11.4,4,13.4,4.5,3.6,1.4,0.9,2.6,68.5,55.1,50.8,50.4,41.6,22.3,3.3,451,97,100,19,143,38,136,9,17,34,30,150,100,11,40,10,5,17,9,23,56,287,421,6:31,7:11,18:43,23:11,9:04,17:33
Female,R39000,高知県,336,28.9,9.1,7.9,2.3,7.6,6.2,2.8,5,9.3,4.9,9.9,6.5,58.6,1.5,0.3,5,1.6,1.1,4.2,2.1,5.6,0.8,0.2,0.3,0.2,6.9,4.5,8,0.9,4.5,3.5,6.4,40.8,10.5,4.9,80.5,11.1,18.2,12.1,30,44.5,9,12.8,40.6,9,2,2,23.5,2.8,1.4,3.5,1.9,1.3,8.1,15,20.8,31,4.6,2.4,2.7,19.7,2.2,35.9,0.2,0.3,4.4,24.3,27,3.7,2.3,21,2.7,4,1.1,7.5,2.5,7.2,3.5,2.7,1.1,0.5,2.4,62.8,49.4,44.6,43.8,34.3,18.3,4.5,466,95,99,20,157,35,139,8,17,28,30,147,99,11,29,11,3,18,8,21,58,304,413,6:23,7:12,18:43,22:52,8:20,17:26
Female,R40000,福岡県,2365,38.3,11.7,10.3,4.1,13.2,11,4.8,5.1,18,6.2,14.2,8.1,62,2.7,1.1,5.1,2.6,1.5,3.7,3.5,5.7,1.9,0.2,0.1,0.8,11.5,3.6,7.6,1.1,6.5,6.3,7.4,44.4,12.4,5.8,86.7,22.7,21.6,18.5,42.3,48.6,12.2,15.5,48.2,11.5,3.4,3.6,33,2.8,2.5,5.4,4.3,2.4,10.2,18.8,28.5,29.2,4.5,5.8,2.1,26.9,3.7,39,0.3,1.1,3.8,29.3,33.2,5.3,2.5,29.5,3.1,5.8,1.9,11.5,3.1,13.2,4,4.5,3.2,1.2,3,75.9,61.4,60.4,59.5,47.5,28.6,7.2,451,91,101,24,149,43,146,7,26,34,29,138,96,11,34,9,4,20,9,19,70,297,439,6:28,7:15,19:02,23:14,8:43,18:03
Female,R41000,佐賀県,379,35.4,9.9,9.2,2.2,11.7,9.4,5,5.2,15.7,6.3,13.2,9.6,59.3,2.7,1.9,8.1,3.4,3,5.5,3.7,7.6,2,0.2,0.5,1.1,10,4.6,6.6,0.8,3.4,4.7,7.9,41,12.2,5.9,84.1,19.5,18.1,15.6,35.9,44.1,8.9,15,45.4,10.5,3.1,2.6,26.8,3.1,1.5,7.6,3.8,2.3,9.4,17.2,28.5,31.8,3.1,3,1.6,24.2,1.8,35.5,0.3,0.7,3.5,27.5,29.2,3.7,2.6,33,3,5.7,1.6,11.5,4,18.4,4.9,7,2.1,0.9,2.9,72.4,59.5,53.8,52.7,45.8,19.3,4.9,456,92,98,22,174,43,137,4,20,34,27,135,100,11,28,10,6,15,9,19,56,317,421,6:25,7:14,18:57,23:12,8:59,18:04
Female,R42000,長崎県,633,32.2,8.3,7.5,2.2,10.6,8.7,3.6,4.6,13.6,5.1,9.6,7,59.1,1.5,1.4,7.5,2.9,1,4.3,3.3,6.4,1.3,0.2,0.5,1.5,9.3,4.4,7.3,0.6,5,2.1,7.2,38.3,11.2,5.8,83.1,15.7,18.4,13.6,32.7,45.8,10,13.6,44.8,9,2.7,3.6,25.3,3.4,1.4,6.2,2.7,1.9,10.5,17.7,28.2,31.9,4.6,3.4,1.5,22.7,2.3,36.5,0.3,0.6,4.3,26.7,27.8,3.5,2.7,27.1,2.1,4.9,1.5,9.9,3.3,11.7,4.4,3.9,1.1,0.5,3.3,65.6,51.5,49.9,49.4,38.1,22.8,3.8,451,89,99,21,158,42,141,8,18,32,29,144,99,12,35,11,4,16,11,19,58,307,464,6:25,7:12,18:48,23:11,8:59,18:08
Female,R43000,熊本県,818,32.5,9,7.9,2.2,8.4,7.2,3.4,5.2,14.8,5.3,9.9,8.2,62,2,1,5.7,2.9,1.4,3.9,2.9,5.7,1.3,0.2,0.3,1.4,10.4,5.4,8.2,0.8,5.5,4.3,8.2,42.7,12.9,7.4,82.7,14.4,15.6,14,32.7,44.7,9.9,11.9,41.8,10.9,2.1,2.5,27,2.3,2.1,5.6,3.1,2.4,11.1,17.7,27.2,30.3,4.2,3.7,1.4,23.1,3.3,36,0.6,0.6,6.3,26.4,27,4,3.5,31.9,3,5.4,2.3,10.4,2.7,12.8,3.3,5.4,7.8,0.4,2.8,68.5,54,54,52.6,43.1,22.3,4.6,458,81,102,23,173,42,137,4,19,31,25,136,101,11,27,9,4,20,12,23,60,321,419,6:22,7:10,18:54,23:01,8:41,17:40
Female,R44000,大分県,535,33.1,8.5,7.5,2.4,9,7.3,3.2,5.7,14.9,5.6,10.5,7.4,62.1,2.4,1.4,6.5,3.5,2.8,6.2,3.3,6.7,1.9,0.3,0.3,1,10.7,4.7,8.2,1.5,5.1,3.6,7.4,44.8,13.8,6.6,83.5,16.4,20.4,14.8,35.6,44.8,10.5,15.2,42.1,12.2,3.4,3.2,26.8,2.2,1.2,5.7,2.6,1.8,10.3,17.5,29.2,33.1,5.1,3.3,2.2,25.3,2.9,35.8,0.3,0.9,3.7,27.4,30.2,4.1,3.2,29.2,2.9,6,1.2,9.6,2.5,12.9,5.5,3.9,1.6,0.9,2.7,71.2,59.4,54.2,53.5,44.5,23.4,4.1,458,88,99,19,155,41,145,6,19,32,28,146,101,11,32,11,3,17,9,19,54,302,497,6:19,7:08,18:46,23:00,8:46,17:23
Female,R45000,宮崎県,506,29.7,8.7,8.1,1.9,8.9,6.9,3.6,4.7,12.4,6.5,9.1,6.6,59.8,2.6,1.1,9.3,2.7,2,4.3,4.3,5.8,2.3,0.3,0.2,1,9.3,4.3,6.8,0.9,5.2,3.3,7.7,42.5,11.7,5.4,80.9,15.3,16.2,13,27.7,42.7,9.6,12.6,40.6,10.6,2.3,2.6,28.3,2.7,2,5.4,1.9,1.6,10.8,16.5,26.3,33.1,5.3,3.6,3.1,23.9,1.6,33.9,0.4,0.5,6.4,27,29.3,4.9,2.5,28.8,3.2,6.4,1.8,9.8,2.6,11.3,3.3,4.3,2.4,0.8,2.8,68.8,56.3,50.5,49.6,40.9,19.7,3.3,469,83,102,20,169,35,135,6,18,31,27,146,101,9,29,9,4,17,10,19,55,310,422,6:17,7:03,18:50,22:44,8:38,17:45
Female,R46000,鹿児島県,755,31,7.6,6.9,2,10,8.1,3.8,4,13.9,5.3,9.3,7,63.5,2,1.9,9,3.9,2.4,5.8,3.8,7,2.3,0.3,0.4,2.4,8.4,4.8,8,0.2,3.9,3.5,7.2,42.8,11,7,83.1,14.7,13.9,12.9,32.5,44.1,9.9,12.5,43.7,11.5,2.7,3.9,27.5,3.4,2.1,4.8,2.3,1.2,12.2,18.8,27.6,33.4,5.4,3.3,2.2,23.6,2,33.7,0.3,1,5.9,26.8,30.3,5.7,2.1,30.5,2.9,6.7,1.9,11.5,3.3,14.4,4.4,5.3,1.7,0.6,3.2,68.9,54.9,51.6,51.1,41.8,21.8,3.2,460,85,105,19,163,38,141,7,21,32,31,136,103,9,30,11,3,17,9,19,53,297,475,6:20,7:09,19:05,22:59,8:53,18:11
Female,R47000,沖縄県,627,34.1,12.7,11.5,3.9,11.3,9.3,4.8,4.2,11.4,6.6,10.9,8.4,62.1,2.9,1.5,6.1,4,2.3,4.2,3.4,6.6,2,0.2,0,1.2,15.7,4.2,10.2,0.3,2.8,3,8.9,41.4,14.7,7.3,84.2,16.6,15.4,15.9,38.5,48.8,8.6,10.6,50,10.9,4.3,2.6,40.9,3.8,3.1,4.2,2.4,0.8,8.9,13.3,25.3,25.4,5.6,4.7,2.4,23.1,1.7,37.4,0.6,1,1.2,23.7,28.2,6.1,3.1,24.5,2.8,4.3,1.6,11.3,2.7,6.5,1.8,2.4,0.9,0.4,3.6,56.6,36.7,41.5,40.5,30.6,17.8,4.7,453,83,100,26,169,49,138,9,30,31,28,127,90,12,29,12,4,21,8,21,63,313,419,6:30,7:18,19:11,23:13,8:38,17:57
